student_id_anon,seq,t0_time,t0_solution,t0_correctness,t1_time,t1_solution,t1_correctness,t2_time,t2_solution,t2_correctness,t3_time,t3_solution,t3_correctness,t4_time,t4_solution,t4_correctness,t5_time,t5_solution,t5_correctness,t6_time,t6_solution,t6_correctness,t7_time,t7_solution,t7_correctness,t8_time,t8_solution,t8_correctness,t9_time,t9_solution,t9_correctness,time_write_jv,time_write_py,time_read_jv,time_read_py,correctness_write_jv,correctness_write_py,correctness_read_jv,correctness_read_py,has_outlier,time_write_jv_outlier,time_write_py_outlier,time_read_jv_outlier,time_read_py_outlier,correctness_write_jv_outlier,correctness_write_py_outlier,correctness_read_jv_outlier,correctness_read_py_outlier
48,AB,93.516, block ExampleDataSelector oftype CellRangeSelector {    select: range E1:F3;  },0.0,60.125,A2:K4;,0.0,226.028,"0:3,0:4",0.6,44.356,E1:H10;,1.0,35.356,"3:8,3:7",0.6666666666666666,43.863,"[[0, 0], [0, 1], [1, 1], [1, 0]]",0.3333333333333333,100.206,"[[3, 0], [3, 5], [3, 4], [3, 3], [3, 2], [3, 1]]",0.6428571428571429,36.125,"[[6, 0], [7, 0], [8, 0], [9, 0], [6, 1], [6, 2], [6, 3], [7, 3], [8, 3], [9, 3], [9, 2], [8, 2], [7, 2], [7, 1], [8, 1], [9, 1]]",0.8333333333333334,39.022,"[[0, 2], [1, 2], [2, 2], [3, 2], [4, 2], [6, 2], [5, 2], [7, 2], [8, 2], [9, 2], [9, 3], [9, 4], [8, 4], [7, 4], [6, 4], [5, 4], [4, 4], [3, 4], [2, 4], [1, 4], [0, 4], [0, 3], [1, 3], [2, 3], [3, 3], [4, 3], [5, 3], [6, 3], [7, 3], [8, 3]]",0.9285714285714286,77.006,"[[4, 5], [5, 5], [6, 5], [7, 5], [8, 5], [8, 6], [7, 6], [6, 6], [5, 6], [4, 6], [4, 7], [5, 7], [6, 7], [7, 7], [8, 7], [8, 8], [4, 8], [7, 8], [6, 8], [5, 8], [4, 9], [5, 9], [6, 9], [8, 9], [7, 9]]",0.8,52.2405,130.692,69.614,56.5655,0.5,0.6333333333333333,0.7857142857142858,0.8166666666666667,False,False,False,False,False,False,False,False,False
96,BA,75.456,"delete rows A, B, C, G, H, I, J. delete columns: A, B, C G, H, I, J, K",0.0,93.35,"1:4, :",1.0,81.558,A1:D5,1.0,42.471,":, 4:8",1.0,72.638,D4: H9,1.0,17.695,"[[3, 2], [4, 2], [4, 3], [5, 3], [5, 4], [6, 4], [6, 5], [7, 5], [7, 6], [8, 6], [9, 7], [8, 7]]",0.1666666666666666,32.805,"[[4, 0], [3, 1], [3, 2], [3, 0], [3, 3], [3, 4], [4, 5], [4, 6], [3, 6], [3, 5], [3, 7], [3, 8], [3, 9], [4, 7], [4, 8], [4, 9], [4, 1], [4, 2], [4, 3], [4, 4]]",0.9285714285714286,16.19,"[[6, 0], [9, 2], [8, 2], [7, 2], [6, 2], [6, 1], [7, 1], [8, 1], [9, 1], [9, 0], [8, 0], [7, 0]]",0.9090909090909092,14.321,"[[0, 2], [1, 2], [2, 2], [3, 2], [4, 2], [5, 2], [6, 2], [7, 2], [8, 2], [9, 2], [0, 3], [1, 3], [2, 3], [3, 3], [4, 3], [5, 3], [6, 3], [7, 3], [8, 3], [9, 3], [0, 4], [1, 4], [2, 4], [3, 4], [4, 4], [5, 4], [6, 4], [7, 4], [8, 4], [9, 4]]",0.9285714285714286,41.63,"[[7, 8], [5, 4], [4, 4], [4, 6], [4, 7], [5, 7], [4, 8], [6, 8], [5, 8], [6, 7], [7, 6], [6, 6], [5, 6], [7, 7], [7, 5], [6, 5], [7, 4], [5, 5], [4, 5], [6, 4]]",0.8888888888888888,77.09800000000001,67.9105,28.910000000000004,23.563,1.0,1.0,0.898989898989899,0.9285714285714286,False,False,False,False,False,False,False,False,False
12,AB,86.101,D4:F6,0.03,56.919,A2:*4,1.0,261.467,"[0,1, 2,3, 4] , [0,1, 2,3]",1.0,41.804,E1:H*,1.0,88.316,"[3:8], [3:7]",0.0,64.949,"[[0, 0], [0, 1], [0, 2], [1, 0], [1, 1], [1, 2]]",0.2857142857142857,109.565,"[[3, 0], [3, 1], [4, 2], [4, 3], [4, 4], [4, 5], [4, 6], [4, 7], [4, 8], [4, 9], [3, 9], [3, 8], [3, 7], [3, 6], [3, 5], [3, 4], [3, 3], [3, 2], [4, 1], [4, 0]]",0.9285714285714286,25.854,"[[6, 0], [7, 0], [8, 0], [9, 0], [6, 1], [6, 2], [7, 1], [7, 2], [8, 2], [9, 2], [9, 1], [8, 1]]",0.9090909090909092,20.021,"[[0, 3], [1, 2], [2, 2], [3, 2], [4, 2], [5, 2], [6, 2], [7, 2], [8, 2], [9, 2], [9, 3], [8, 3], [7, 3], [6, 3], [5, 3], [4, 3], [3, 3], [2, 3], [1, 3], [1, 4], [2, 4], [3, 4], [4, 4], [5, 4], [6, 4], [7, 4], [8, 4], [9, 4], [0, 4], [0, 2]]",0.9285714285714286,46.453,"[[4, 4], [4, 5], [4, 6], [4, 7], [4, 8], [5, 4], [6, 4], [7, 4], [5, 5], [5, 6], [5, 7], [5, 8], [6, 8], [7, 8], [7, 7], [6, 7], [6, 6], [7, 6], [7, 5], [6, 5], [8, 4], [8, 5], [8, 6], [8, 7], [8, 8], [4, 9], [5, 9], [6, 9], [7, 9], [8, 9]]",0.8,49.3615,174.8915,64.793,36.1535,1.0,0.5,0.9285714285714286,0.8545454545454545,False,False,False,False,False,False,False,False,False
59,AB,165.28580000001193,block ExampleDataSelector oftype CellRangeSelector {    select: range D4:F6;  },0.0,148.70040000000597,A2:J4,1.0,108.628,":3,:4",0.6,170.65389999997615,E1:H*,1.0,169.0521999999881,"3:9,3:8",1.0,35.278,"[[3, 2], [3, 3], [4, 4], [4, 5], [5, 5], [5, 6], [6, 6]]",0.2222222222222222,50.69380000001192,"[[4, 1], [4, 2], [4, 3], [4, 4], [4, 5], [4, 6], [4, 7], [4, 8], [4, 9], [3, 9], [3, 8], [3, 7], [3, 6], [3, 5], [3, 4], [3, 3], [3, 2], [3, 1], [3, 0], [4, 0]]",0.9285714285714286,49.10130000001192,"[[6, 0], [7, 0], [8, 0], [9, 0], [6, 1], [7, 1], [8, 1], [9, 1], [7, 2], [6, 2], [8, 2], [9, 2]]",0.9090909090909092,21.61759999999404,"[[1, 2], [2, 2], [3, 3], [4, 3], [5, 3], [6, 3], [7, 3], [0, 4], [1, 4], [2, 4], [3, 4], [4, 4], [5, 4], [6, 4], [7, 4], [8, 4], [9, 4], [9, 3], [8, 3], [2, 3], [0, 2], [0, 3], [1, 3], [3, 2], [4, 2], [5, 2], [6, 2], [7, 2], [8, 2], [9, 2]]",0.9285714285714286,31.30230000001192,"[[4, 4], [4, 5], [4, 6], [4, 7], [4, 8], [5, 4], [6, 5], [7, 5], [7, 6], [7, 7], [7, 8], [6, 8], [5, 8], [5, 7], [6, 7], [5, 6], [6, 6], [5, 5], [7, 4], [6, 4]]",0.8888888888888888,159.67714999999106,138.84009999999404,36.15570000000298,40.20180000001192,1.0,0.8,0.9285714285714286,0.898989898989899,False,False,False,False,False,False,False,False,False
95,AB,91.768,select range: C4:E6;,0.0,133.235,B1:J4,0.0,342.598,:3,0.3157894736842105,28.471,E1:H*,1.0,137.421,"3:3,7:8",0.0,36.926,"[[3, 3], [4, 3], [5, 4], [6, 4], [7, 4], [7, 5], [8, 5], [8, 4], [8, 3], [8, 2], [7, 2], [7, 3], [3, 2], [4, 2], [5, 2], [6, 2], [5, 3], [6, 3], [4, 4], [3, 4], [3, 5], [4, 5], [5, 5], [6, 5]]",0.1818181818181818,96.184,"[[3, 0], [4, 0], [4, 1], [4, 2], [4, 3], [4, 4], [4, 5], [4, 6], [4, 7], [4, 8], [4, 9], [3, 1], [3, 2], [3, 3], [3, 4], [3, 5], [3, 6], [3, 7], [3, 8], [3, 9]]",0.9285714285714286,39.902,"[[6, 1], [6, 2], [6, 3], [6, 4], [6, 5], [6, 6], [6, 7], [6, 8], [6, 9], [6, 0]]",0.7142857142857143,30.357,"[[0, 2], [0, 3], [0, 4], [1, 2], [2, 2], [3, 2], [4, 2], [5, 2], [6, 2], [7, 2], [8, 2], [9, 2], [9, 3], [1, 3], [2, 3], [3, 3], [4, 3], [5, 3], [6, 3], [7, 3], [8, 3], [1, 4], [2, 4], [3, 4], [5, 4], [6, 4], [7, 4], [8, 4], [9, 4], [4, 4]]",0.9285714285714286,172.8,"[[4, 4], [5, 4], [6, 4], [4, 6], [4, 7], [5, 7], [5, 8], [6, 8], [6, 9], [4, 5], [7, 4], [7, 5], [7, 6], [7, 7], [6, 7], [6, 6], [5, 6], [5, 5], [6, 5], [7, 9], [7, 8], [4, 8], [4, 9], [5, 9]]",0.8,80.85300000000001,240.0095,63.2705,106.351,0.5,0.1578947368421052,0.9285714285714286,0.7571428571428571,False,False,False,False,False,False,False,False,False
87,BA,193.904,block rangeselect oftype CellRangeSelector {    select: range D3:F6;  },0.0,257.525,"[1,3]",0.6666666666666666,29.802,A1:D4,0.8,96.256,"0:,4:7",0.75,32.598,D4:H9,1.0,39.102,"[[1, 0], [1, 1], [2, 1], [2, 2], [3, 2], [4, 3], [5, 3], [6, 4], [7, 4], [7, 5]]",0.1666666666666666,34.07,"[[3, 0], [4, 0], [5, 0], [5, 1], [5, 2], [5, 3], [5, 4], [4, 4], [4, 5], [4, 6], [4, 7], [5, 8], [5, 9], [3, 1], [4, 1], [4, 2], [3, 2], [3, 3], [4, 3], [3, 4], [3, 5], [5, 5], [3, 6], [5, 6], [3, 7], [5, 7], [3, 8], [4, 8], [3, 9], [4, 9]]",0.9285714285714286,33.046,"[[6, 0], [6, 1], [6, 2], [7, 2], [8, 2], [9, 2], [7, 0], [7, 1], [8, 1], [9, 1], [9, 0], [8, 0]]",0.9090909090909092,25.542,"[[0, 2], [0, 3], [0, 4], [0, 5], [1, 5], [2, 5], [3, 5], [4, 5], [5, 5], [6, 5], [7, 5], [8, 5], [9, 5], [9, 4], [8, 4], [7, 4], [6, 4], [5, 4], [4, 4], [3, 4], [2, 4], [1, 4], [1, 3], [1, 2], [2, 2], [3, 2], [4, 2], [5, 2], [6, 2], [7, 2], [8, 2], [9, 2], [9, 3], [8, 3], [7, 3], [6, 3], [5, 3], [4, 3], [3, 3], [2, 3]]",0.9285714285714286,43.403,"[[4, 4], [4, 8], [4, 6], [4, 7], [4, 5], [7, 4], [6, 4], [5, 4], [5, 5], [5, 6], [5, 7], [5, 8], [6, 8], [7, 8], [7, 7], [6, 7], [6, 6], [6, 5], [7, 5], [7, 6]]",0.8888888888888888,31.2,176.89049999999995,38.2245,29.806,0.9,0.7083333333333333,0.898989898989899,0.9285714285714286,False,False,False,False,False,False,False,False,False
65,BA,144.402,select: range C4:E6;,0.03,218.055,"1:4, :",1.0,35.398,A1:D5,1.0,79.637,":, 4:8",1.0,43.422,D4:H9,1.0,14.238,"[[2, 3], [2, 4], [2, 5], [4, 5], [3, 4], [3, 2], [4, 3], [3, 3], [4, 4], [3, 5], [4, 7], [4, 6]]",0.2,35.26,"[[3, 1], [4, 1], [4, 2], [3, 2], [3, 3], [4, 3], [4, 4], [3, 4], [3, 5], [4, 5], [4, 6], [3, 6], [3, 7], [4, 7], [4, 8], [4, 9], [3, 9], [3, 8]]",0.8571428571428571,30.198,"[[6, 0], [7, 0], [8, 0], [9, 0], [9, 1], [9, 2], [8, 2], [7, 2], [6, 2], [6, 1], [7, 1], [8, 1]]",0.9090909090909092,45.309,"[[0, 2], [0, 3], [0, 4], [1, 4], [1, 3], [1, 2], [2, 2], [3, 2], [4, 2], [5, 2], [6, 2], [7, 2], [9, 2], [8, 2], [9, 3], [8, 3], [7, 3], [6, 3], [5, 3], [4, 3], [3, 3], [2, 3], [2, 4], [3, 4], [4, 4], [6, 4], [5, 4], [7, 4], [9, 4], [8, 4]]",0.9285714285714286,58.038,"[[4, 4], [4, 8], [7, 8], [7, 4], [6, 4], [5, 4], [5, 5], [4, 5], [4, 6], [4, 7], [5, 7], [5, 6], [6, 5], [7, 5], [7, 6], [6, 6], [6, 7], [7, 7], [6, 8], [5, 8]]",0.8888888888888888,39.41,148.846,44.117999999999995,40.284499999999994,1.0,1.0,0.898989898989899,0.8928571428571428,False,False,False,False,False,False,False,False,False
75,BA,372.551," block MpgColumnDeleter oftype ColumnDeleter {    delete: [column A, column B,column C, column G, column H,column I, column J];   block SecondRowDeleter oftype RowDeleter {    delete: [row 1, row 2,row 3, row 7, row 8, row 9, row 10];  }  }",0.0,183.949,df.iloc[1:4],0.0,56.788,A1:D*,0.5,250.684,"[[0, 10], [4, 8]]",0.0,154.117,D4:H*,0.8571428571428571,42.342,[],1.0,62.814,"[[4, 6], [4, 5], [3, 0], [3, 1], [3, 2], [3, 7], [3, 8], [3, 3], [3, 4], [3, 5], [3, 6], [3, 9], [4, 9], [4, 0], [4, 7], [4, 8], [4, 4], [4, 3], [4, 2], [4, 1]]",0.9285714285714286,25.782,"[[6, 0], [6, 1], [6, 2], [7, 2], [7, 1], [7, 0], [8, 0], [8, 1], [8, 2], [9, 2], [9, 1], [9, 0]]",0.9090909090909092,15.398,"[[0, 2], [0, 3], [0, 4], [1, 4], [2, 4], [3, 4], [4, 4], [5, 4], [6, 4], [7, 4], [8, 4], [9, 3], [9, 4], [1, 3], [2, 3], [3, 3], [4, 3], [5, 3], [6, 3], [8, 3], [7, 3], [1, 2], [2, 2], [3, 2], [4, 2], [5, 2], [6, 2], [7, 2], [8, 2], [9, 2]]",0.9285714285714286,31.758,"[[4, 4], [4, 5], [4, 6], [4, 7], [5, 4], [6, 4], [7, 4], [5, 5], [6, 5], [7, 5], [5, 6], [6, 6], [7, 6], [5, 7], [6, 7], [7, 7]]",0.7777777777777778,105.4525,217.3165,28.77,39.106,0.6785714285714286,0.0,0.8434343434343434,0.9285714285714286,False,False,False,False,False,False,False,False,False
62,BA,157.033,block ExampleDataSelector oftype CellRangeSelector {select: range D4:F6;},0.0,55.142,1:4,1.0,29.524,A1:D5,1.0,62.074,";,4:8",0.0,41.443,D4:I9,1.0,45.854,"[[0, 0], [1, 1], [1, 0], [0, 1], [2, 1], [2, 0], [3, 1], [3, 0]]",0.25,37.766,"[[3, 0], [4, 0], [3, 1], [4, 1], [3, 2], [4, 2], [3, 3], [4, 3], [3, 4], [4, 4], [3, 5], [4, 5], [3, 6], [4, 6], [3, 7], [4, 7], [3, 8], [4, 8], [3, 9], [4, 9]]",0.9285714285714286,23.238,"[[6, 0], [6, 1], [6, 2], [7, 0], [8, 0], [9, 0], [9, 1], [8, 1], [7, 1], [7, 2], [8, 2], [9, 2]]",0.9090909090909092,13.004,"[[1, 2], [2, 2], [3, 2], [4, 2], [5, 2], [6, 2], [7, 2], [8, 2], [9, 2], [0, 2], [0, 3], [1, 3], [2, 3], [3, 3], [4, 3], [5, 3], [6, 3], [7, 3], [8, 3], [9, 3], [0, 4], [1, 4], [2, 4], [3, 4], [4, 4], [5, 4], [6, 4], [7, 4], [8, 4], [9, 4]]",0.9285714285714286,55.683,"[[7, 5], [7, 4], [7, 6], [7, 7], [4, 5], [5, 5], [5, 6], [6, 6], [6, 7], [5, 7], [4, 7], [4, 6], [6, 5], [6, 4], [5, 4], [4, 4]]",0.7777777777777778,35.4835,58.608,39.4605,25.385,1.0,0.5,0.8434343434343434,0.9285714285714286,False,False,False,False,False,False,False,False,False
72,BA,167.754,block ExampleDataSelector oftype CellRangeSelector {    select: range C4:C5;C6;D4;D5;D6;F4;F5;F62;  },0.0,303.816,"2,3,4",0.0,47.03,A1:D5,1.0,309.456,"5:10, 6:10, 7:10,8:10",0.0,49.534,D4:H4,0.1666666666666666,10.255,"[[2, 3], [3, 4], [4, 4], [5, 5], [7, 6], [8, 6], [8, 5], [7, 5]]",0.1818181818181818,118.655,"[[0, 0], [0, 3], [1, 4], [1, 3], [1, 2], [1, 1], [0, 1], [0, 2], [1, 0], [2, 0], [2, 1], [2, 2], [2, 3], [2, 4], [0, 5], [0, 4], [1, 5], [2, 5], [3, 0], [4, 0], [3, 1], [4, 3], [3, 3], [3, 4], [4, 4], [4, 5], [3, 5], [3, 2], [4, 2], [4, 1]]",0.6428571428571429,28.911,"[[6, 0], [9, 2], [6, 2], [7, 2], [8, 2], [6, 1], [7, 1], [8, 1], [9, 1], [7, 0], [8, 0], [9, 0]]",0.9090909090909092,49.166,"[[0, 0], [0, 1], [0, 2], [0, 3], [1, 0], [1, 1], [1, 2], [1, 3], [2, 3], [2, 2], [2, 1], [2, 0], [3, 0], [4, 1], [4, 3], [3, 3], [4, 2], [3, 2], [3, 1], [4, 0], [5, 0], [5, 1], [5, 2], [5, 3], [6, 3], [6, 2], [6, 1], [6, 0], [7, 0], [7, 1], [7, 2], [7, 3]]",0.7857142857142857,33.99,"[[4, 4], [7, 8], [4, 6], [4, 7], [5, 7], [5, 8], [4, 8], [6, 8], [6, 7], [7, 7], [6, 6], [7, 6], [5, 6], [4, 5], [5, 5], [6, 5], [7, 5], [7, 4], [6, 4], [5, 4]]",0.8888888888888888,48.282,306.63599999999997,31.4505,83.9105,0.5833333333333334,0.0,0.898989898989899,0.7142857142857143,False,False,False,False,False,False,False,False,False
91,AB,80.351,block DataSelector oftype CellRangeSelector {    select: range D4:F6;  },0.0,34.642,A2:J4,1.0,30.645,":5,:4",1.0,26.979,E1:H10,1.0,77.594,"3:9,3:8",1.0,10.26,"[[0, 1], [1, 1], [2, 1], [3, 2], [4, 2], [4, 3], [5, 3], [5, 4], [6, 4]]",0.1818181818181818,36.862,"[[3, 0], [3, 1], [3, 2], [3, 3], [3, 4], [4, 7], [4, 8], [4, 9], [3, 9], [3, 8], [3, 7], [4, 5], [4, 6], [3, 5], [3, 6], [4, 4], [4, 3], [4, 2], [4, 1], [4, 0]]",0.9285714285714286,23.261,"[[6, 0], [7, 0], [8, 0], [9, 0], [6, 1], [7, 1], [8, 1], [9, 1], [6, 2], [7, 2], [8, 2], [9, 2]]",0.9090909090909092,26.203,"[[1, 3], [2, 3], [3, 3], [4, 3], [5, 3], [5, 4], [6, 4], [0, 2], [1, 2], [2, 2], [3, 2], [4, 2], [5, 2], [6, 2], [7, 2], [8, 2], [9, 2], [6, 3], [7, 3], [8, 3], [9, 3], [0, 3], [0, 4], [1, 4], [2, 4], [3, 4], [4, 4], [7, 4], [8, 4], [9, 4]]",0.9285714285714286,50.819,"[[4, 4], [5, 4], [6, 4], [7, 4], [4, 8], [5, 8], [6, 8], [7, 8], [4, 5], [4, 6], [5, 6], [5, 7], [6, 7], [7, 7], [7, 6], [6, 6], [5, 5], [6, 5], [7, 5], [4, 7]]",0.8888888888888888,30.8105,54.119499999999995,31.5325,37.04,1.0,1.0,0.9285714285714286,0.898989898989899,False,False,False,False,False,False,False,False,False
99,BA,192.329, block DataSelectorBlock oftype CellRangeSelector {    select: range C4:E6;  },0.0,339.292,"1:4 , :",1.0,85.862,A1:D5,1.0,151.785,": , 4: 8",1.0,88.883,D4:H9,1.0,17.917,"[[4, 3], [5, 3], [5, 4], [6, 4], [6, 5], [5, 5], [5, 6], [4, 6], [3, 6], [2, 6], [1, 6], [1, 5], [3, 5], [4, 5], [4, 4], [2, 5]]",0.2,64.51,"[[3, 0], [3, 1], [4, 1], [4, 2], [4, 3], [4, 4], [4, 5], [4, 7], [4, 6], [4, 9], [4, 8], [4, 0], [3, 2], [3, 3], [3, 4], [3, 5], [3, 6], [3, 7], [3, 8], [3, 9]]",0.9285714285714286,33.462,"[[6, 0], [9, 2], [9, 1], [9, 0], [8, 0], [8, 1], [8, 2], [7, 2], [7, 1], [7, 0], [6, 1], [6, 2]]",0.9090909090909092,28.318,"[[0, 2], [0, 3], [0, 4], [9, 4], [9, 3], [9, 2], [8, 2], [7, 2], [6, 2], [5, 2], [4, 2], [3, 2], [2, 2], [1, 2], [1, 3], [1, 4], [2, 4], [2, 3], [3, 3], [3, 4], [4, 4], [4, 3], [5, 3], [5, 4], [6, 4], [6, 3], [7, 3], [7, 4], [8, 4], [8, 3]]",0.9285714285714286,42.742,"[[4, 4], [7, 8], [7, 7], [7, 6], [7, 5], [7, 4], [4, 5], [4, 6], [4, 7], [4, 8], [5, 8], [5, 7], [5, 6], [5, 5], [5, 4], [6, 4], [6, 5], [6, 6], [6, 7], [6, 8]]",0.8888888888888888,87.3725,245.5385,38.102,46.414,1.0,1.0,0.898989898989899,0.9285714285714286,False,False,False,False,False,False,False,False,False
60,BA,197.754, block ExampleDataSelector oftype CellRangeSelector {    select: range C4:E6;  },0.0,484.613,1:3,0.6666666666666666,58.026,A1:D5,1.0,311.927,"0:10, 4:8",1.0,46.151,D4:H9,1.0,51.311,"[[6, 2], [7, 2], [8, 2], [9, 2], [9, 3], [8, 3], [7, 3], [6, 1], [9, 1], [7, 1], [8, 1], [6, 3]]",0.1818181818181818,60.846,"[[3, 0], [4, 0], [3, 1], [3, 2], [4, 1], [4, 2], [4, 3], [3, 3], [3, 4], [4, 4], [4, 5], [3, 5], [3, 6], [4, 6], [3, 7], [4, 7], [3, 8], [4, 8], [4, 9], [3, 9]]",0.9285714285714286,32.727,"[[6, 0], [6, 1], [6, 2], [7, 2], [8, 2], [8, 1], [7, 1], [7, 0], [8, 0], [9, 2], [9, 1], [9, 0]]",0.9090909090909092,98.749,"[[0, 3], [2, 3], [0, 2], [1, 2], [2, 2], [3, 2], [5, 2], [4, 2], [6, 2], [7, 2], [8, 2], [9, 2], [9, 3], [8, 3], [7, 3], [6, 3], [5, 3], [4, 3], [3, 3], [1, 3], [0, 4], [1, 4], [2, 4], [4, 4], [3, 4], [5, 4], [6, 4], [7, 4], [8, 4], [9, 4]]",0.9285714285714286,35.102,"[[4, 4], [4, 8], [4, 7], [4, 5], [7, 7], [6, 7], [5, 7], [7, 6], [6, 6], [5, 6], [4, 6], [5, 5], [6, 5], [7, 5], [7, 4], [6, 4], [5, 4], [5, 8], [6, 8], [7, 8]]",0.8888888888888888,52.0885,398.27,33.9145,79.7975,1.0,0.8333333333333333,0.898989898989899,0.9285714285714286,False,False,False,False,False,False,False,False,False
67,AB,69.971,select: range D4:F6;,0.03,49.462,A2:*4;,1.0,340.198,"0:5, 0:4",1.0,39.277,E1:H*,1.0,64.271,"3:9, 3:8",1.0,38.871,"[[7, 7], [8, 6], [9, 6], [9, 5], [9, 4], [8, 4], [7, 4], [6, 4], [5, 4], [4, 4], [3, 4], [2, 4], [2, 5], [3, 6], [4, 6], [5, 6], [6, 6], [7, 6], [7, 5], [4, 5], [3, 5], [5, 5], [8, 5], [6, 5], [2, 6], [6, 7], [5, 7], [3, 7], [2, 7], [4, 7], [2, 0], [2, 2], [2, 3], [3, 0], [3, 3], [3, 1], [4, 3], [5, 0], [5, 1], [4, 1], [5, 2], [5, 3], [4, 2], [3, 2], [4, 0], [7, 0], [8, 1], [9, 3], [8, 3], [7, 3], [9, 2], [8, 2], [7, 2], [0, 9], [1, 9], [2, 9], [3, 9], [4, 9], [5, 9], [6, 9], [7, 9], [8, 9], [9, 9]]",0.1428571428571428,32.551,"[[3, 0], [3, 1], [3, 2], [3, 3], [3, 4], [3, 5], [4, 5], [4, 6], [3, 6], [3, 7], [3, 8], [3, 9], [4, 0], [4, 1], [4, 2], [4, 3], [4, 4], [4, 7], [4, 8], [4, 9]]",0.9285714285714286,50.324,"[[6, 0], [7, 0], [8, 0], [9, 0], [6, 1], [6, 2], [7, 1], [7, 2], [8, 1], [8, 2], [9, 1], [9, 2]]",0.9090909090909092,26.493,"[[5, 2], [5, 3], [5, 4], [0, 2], [1, 2], [2, 2], [3, 2], [4, 2], [6, 2], [7, 2], [8, 2], [9, 2], [0, 3], [1, 3], [2, 3], [3, 3], [4, 3], [6, 3], [7, 3], [8, 3], [9, 3], [0, 4], [1, 4], [2, 4], [3, 4], [4, 4], [6, 4], [7, 4], [8, 4], [9, 4]]",0.9285714285714286,33.952,"[[4, 4], [4, 5], [4, 6], [4, 7], [4, 8], [5, 4], [6, 4], [7, 4], [7, 5], [6, 5], [5, 5], [5, 6], [6, 6], [7, 6], [5, 7], [6, 7], [7, 7], [5, 8], [6, 8], [7, 8]]",0.8888888888888888,44.3695,202.2345,29.522,42.138,1.0,1.0,0.9285714285714286,0.898989898989899,False,False,False,False,False,False,False,False,False
63,AB,112.552,"load the dataset, select the index 3,3 to 5,6",0.0,112.442,B2:J4,0.0,268.766,"0:4,4:4",0.0,82.837,A5:J8,0.0,458.997,"3:8,8:8",0.0,7.238,"[[3, 4], [3, 5], [3, 6], [4, 6], [4, 5], [4, 4]]",0.25,92.605,"[[0, 3], [9, 4], [0, 4], [1, 4], [2, 4], [3, 4], [4, 4], [5, 4], [6, 4], [7, 4], [8, 4], [7, 3], [6, 3], [5, 3], [4, 3], [3, 3], [2, 3], [1, 3], [8, 3], [9, 3]]",0.9285714285714286,122.349,"[[1, 6], [0, 6], [0, 7], [0, 9], [0, 8], [2, 6], [2, 7], [2, 8], [2, 9], [1, 9], [1, 8], [1, 7]]",0.9090909090909092,69.798,"[[2, 4], [2, 2], [2, 3], [3, 3], [4, 3], [4, 4], [5, 4], [6, 4], [7, 4], [8, 4], [9, 4], [3, 4], [5, 3], [6, 3], [7, 3], [8, 3], [9, 3], [9, 2], [8, 2], [7, 2], [6, 2], [5, 2], [4, 2], [3, 2], [0, 2], [1, 2], [1, 3], [1, 4], [0, 4], [0, 3]]",0.9285714285714286,51.628,"[[4, 4], [5, 4], [6, 4], [7, 4], [8, 4], [4, 5], [4, 6], [5, 6], [5, 7], [4, 7], [6, 7], [7, 7], [8, 7], [8, 6], [7, 6], [6, 6], [6, 5], [5, 5], [7, 5], [8, 5]]",0.8888888888888888,97.6395,363.8815,81.20150000000001,86.9885,0.0,0.0,0.9285714285714286,0.898989898989899,False,False,False,False,False,False,False,False,False
34,AB,63.378,"select (Finland,Germany,France),(C3:C5)))",0.0,51.683,B2:J4,0.0,161.414,"(1:5),(1:4)",0.0,43.426,E1:H10,1.0,44.515,"(4:9),(4:8)",0.0,9.853,"[[0, 1], [3, 2], [1, 1], [0, 2], [1, 2], [2, 2], [2, 1], [3, 1], [0, 0], [1, 0], [2, 0], [3, 0]]",0.25,51.702,"[[3, 0], [3, 1], [3, 2], [3, 3], [3, 4]]",0.5714285714285714,27.445,"[[5, 0], [6, 0], [7, 0], [8, 0], [9, 0], [5, 1], [5, 2], [6, 2], [7, 2], [8, 2], [9, 2], [9, 1], [8, 1], [7, 1], [6, 1]]",0.8333333333333334,75.045,"[[0, 2], [1, 2], [2, 2], [3, 2], [4, 2], [5, 2], [6, 2], [7, 2], [8, 2], [9, 2], [9, 3], [9, 4], [8, 4], [7, 4], [6, 4], [5, 4], [4, 4], [3, 4], [3, 3], [2, 3], [1, 3], [0, 4], [1, 4], [2, 4], [0, 3], [4, 3], [5, 3], [6, 3], [7, 3], [8, 3]]",0.9285714285714286,22.246,"[[3, 0], [4, 0], [5, 0], [6, 0], [7, 0], [3, 3], [3, 4], [3, 5], [3, 6], [3, 7], [3, 8]]",0.7272727272727273,47.5545,102.9645,63.3735,24.8455,0.5,0.0,0.75,0.7803030303030303,False,False,False,False,False,False,False,False,False
26,BA,88.933, block ExampleDataSelector oftype CellRangeSelector {    select: range D4:F6;  },0.0,99.123,"1:3, :",0.6666666666666666,54.451,A1:D5,1.0,66.988,": , 4:8",1.0,60.332,D4:H9,1.0,59.805,"[[5, 3], [3, 1], [4, 1]]",0.25,54.924,"[[4, 0], [4, 1], [3, 0], [3, 2], [3, 1], [4, 2], [4, 3], [3, 3], [3, 4], [4, 4], [4, 5], [4, 6], [3, 5], [3, 8], [3, 6], [3, 7], [4, 7], [4, 8], [4, 9], [3, 9]]",0.9285714285714286,32.14,"[[6, 0], [7, 0], [7, 1], [8, 1], [9, 1], [9, 2], [6, 1], [6, 2], [7, 2], [8, 2], [8, 0], [9, 0]]",0.9090909090909092,19.124,"[[0, 2], [0, 3], [0, 4], [1, 4], [2, 4], [3, 4], [4, 4], [5, 4], [6, 4], [7, 4], [8, 4], [9, 4], [9, 3], [8, 3], [7, 3], [6, 3], [5, 3], [4, 3], [3, 3], [2, 3], [1, 3], [1, 2], [2, 2], [3, 2], [4, 2], [5, 2], [6, 2], [7, 2], [8, 2], [9, 2]]",0.9285714285714286,26.869,"[[4, 4], [4, 5], [4, 6], [5, 6], [6, 6], [7, 6], [7, 5], [7, 4], [6, 4], [6, 5], [5, 5], [5, 4]]",0.7777777777777778,57.3915,83.0555,29.5045,37.024,1.0,0.8333333333333333,0.8434343434343434,0.9285714285714286,False,False,False,False,False,False,False,False,False
80,AB,12.84229999998212,sdf,0.0,88.51629999998212,A2:D12,0.0,39.2205,":4, :5",0.6666666666666666,44.83690000000596,E1:H10,1.0,94.26190000000597,"4:8, 7:12",0.1052631578947368,6.845199999988079,"[[4, 3], [5, 3], [7, 4], [7, 5], [7, 6], [7, 7], [6, 7], [5, 7], [4, 7], [3, 7], [2, 7], [1, 7], [1, 6], [1, 5], [2, 5], [3, 5], [4, 6], [5, 6], [6, 6], [6, 5], [5, 4], [5, 5]]",0.1818181818181818,25.03790000000596,"[[4, 4], [5, 4], [6, 5], [6, 6], [7, 6], [7, 7], [8, 7], [8, 8], [9, 8], [9, 9], [8, 9], [7, 9], [6, 9], [5, 9], [4, 9], [3, 9], [3, 8], [3, 7], [3, 6], [3, 5], [3, 4], [6, 3], [4, 3], [3, 3], [5, 3], [7, 3], [8, 3], [9, 3], [9, 4], [9, 5], [9, 6], [9, 7], [8, 4], [7, 4], [7, 5], [8, 5], [8, 6], [6, 4], [4, 5], [4, 6], [4, 7], [4, 8], [5, 8], [6, 8], [7, 8], [5, 7], [6, 7], [5, 6], [5, 5]]",0.7142857142857143,43.31830000001192,"[[0, 9], [1, 9], [2, 9], [2, 8], [2, 6], [0, 6], [1, 6], [0, 7], [1, 7], [2, 7], [0, 8], [1, 8]]",0.9090909090909092,18.62980000001192,"[[0, 2], [1, 2], [2, 2], [3, 2], [4, 2], [5, 2], [6, 2], [7, 2], [8, 2], [9, 2], [0, 3], [1, 3], [3, 3], [4, 3], [5, 3], [6, 3], [7, 3], [8, 3], [9, 3], [2, 3], [0, 4], [1, 4], [2, 4], [3, 4], [4, 4], [5, 4], [6, 4], [7, 4], [8, 4], [9, 4]]",0.9285714285714286,50.94259999999404,"[[4, 9], [5, 4], [6, 4], [7, 4], [8, 4], [4, 4], [4, 5], [4, 6], [4, 7], [4, 8], [5, 5], [5, 6], [5, 7], [5, 8], [5, 9], [6, 9], [7, 9], [8, 9], [8, 8], [8, 7], [8, 5], [8, 6], [7, 7], [7, 8], [6, 8], [6, 7], [6, 5], [6, 6], [7, 6], [7, 5]]",0.8,66.67659999999404,66.74120000000298,21.833850000008944,47.13045000000298,0.5,0.3859649122807017,0.8214285714285714,0.8545454545454545,False,False,False,False,False,False,False,False,False
49,BA,25.014,select,0.0,145.082,"1,3",0.0,37.901,A1:D5,1.0,134.652,"4,7",0.0,59.254,D3:I7,0.5714285714285714,15.116,"[[4, 1], [4, 2], [4, 3], [4, 4], [4, 5], [5, 5], [6, 5], [7, 4], [7, 3], [7, 2], [7, 1], [6, 1], [5, 1], [5, 2], [5, 3], [5, 4]]",0.1818181818181818,21.983,"[[0, 3], [0, 4], [0, 5], [1, 5], [2, 5], [3, 5], [4, 5], [5, 5], [6, 5], [7, 5], [8, 5], [9, 5], [9, 3], [8, 3], [7, 3], [6, 3], [5, 3], [4, 3], [3, 3], [2, 3], [1, 3], [1, 4], [2, 4], [3, 4], [4, 4], [5, 4], [6, 4], [7, 4], [8, 4], [9, 4]]",0.9285714285714286,24.293,"[[1, 9], [0, 9], [0, 8], [0, 7], [1, 6], [2, 6], [2, 7], [1, 8], [2, 8], [2, 9], [1, 7], [0, 6]]",0.9090909090909092,22.436,"[[1, 3], [0, 3], [0, 2], [0, 1], [1, 0], [2, 0], [2, 1], [2, 2], [2, 3], [1, 2], [1, 1], [0, 0]]",0.5,40.763,"[[7, 8], [7, 7], [7, 6], [7, 5], [7, 4], [6, 4], [5, 4], [4, 5], [4, 6], [4, 7], [4, 8], [5, 8], [6, 8], [4, 4], [5, 5], [6, 5], [6, 6], [6, 7], [5, 7], [5, 6]]",0.8888888888888888,48.5775,139.867,32.528,22.2095,0.7857142857142857,0.0,0.898989898989899,0.7142857142857143,False,False,False,False,False,False,False,False,False
13,BA,155.84459999999405,block ExampleDataSelector oftype CellRangeSelector {select: range D4:F6;},0.0,144.94920000001787,1:4,1.0,38.51819999998808,A1:D4,0.8,114.67780000001191,":, 4:9",0.8,174.95,D4:H9,1.0,102.16120000001789,"[[2, 1], [2, 2], [3, 2], [4, 3], [2, 3], [3, 3], [4, 2], [4, 1], [3, 1]]",0.25,88.10859999999404,"[[3, 0], [4, 0], [3, 1], [3, 2], [3, 3], [3, 4], [3, 5], [3, 6], [3, 7], [3, 8], [3, 9], [4, 1], [4, 2], [4, 3], [4, 4], [4, 5], [4, 6], [4, 7], [4, 8], [4, 9]]",0.9285714285714286,20.78909999999404,"[[6, 0], [9, 2], [8, 2], [7, 2], [6, 2], [6, 1], [7, 1], [8, 1], [9, 1], [7, 0], [8, 0], [9, 0]]",0.9090909090909092,34.68590000000596,"[[0, 2], [0, 3], [0, 4], [1, 2], [2, 2], [3, 2], [4, 2], [5, 2], [6, 2], [7, 2], [8, 2], [1, 3], [2, 3], [4, 3], [5, 3], [6, 3], [7, 3], [8, 3], [9, 2], [9, 3], [3, 3], [1, 4], [2, 4], [3, 4], [4, 4], [5, 4], [6, 4], [7, 4], [8, 4], [9, 4]]",0.9285714285714286,31.3025,"[[4, 8], [5, 8], [7, 8], [6, 8], [7, 6], [7, 5], [7, 4], [6, 4], [5, 4], [4, 4], [4, 5], [4, 6], [4, 7], [5, 7], [5, 6], [5, 5], [6, 5], [6, 6], [6, 7], [7, 7]]",0.8888888888888888,106.73409999999404,129.8135000000149,26.04579999999702,61.39725,0.9,0.9,0.898989898989899,0.9285714285714286,False,False,False,False,False,False,False,False,False
66,AB,18.017,gggggfsd,0.0,72.685,A2:J4,1.0,87.253,"0:4,0:3",0.6,58.293,E1:H*,1.0,81.246,"3:9,3:8",1.0,10.628,"[[2, 1], [3, 1], [3, 2], [4, 3], [5, 4], [5, 5], [6, 6], [6, 7], [6, 8], [6, 9], [5, 9], [5, 8], [5, 7], [4, 7], [4, 6], [3, 5], [1, 4], [2, 3]]",0.1538461538461538,53.443,"[[3, 2], [4, 0], [3, 0], [4, 1], [4, 2], [4, 4], [4, 5], [4, 6], [4, 7], [4, 8], [3, 9], [3, 8], [3, 7], [3, 6], [3, 5], [3, 3], [3, 4], [4, 3], [3, 1], [4, 9]]",0.9285714285714286,43.254,"[[6, 0], [7, 0], [8, 0], [9, 0], [6, 1], [6, 2], [6, 3], [7, 3], [7, 2], [7, 1], [8, 1], [8, 2], [8, 3], [9, 3], [9, 2], [9, 1]]",0.8333333333333334,35.531,"[[0, 2], [9, 4], [9, 3], [9, 2], [8, 2], [8, 3], [7, 4], [7, 3], [8, 4], [7, 2], [6, 2], [6, 3], [6, 4], [5, 4], [5, 3], [5, 2], [4, 2], [4, 3], [4, 4], [3, 4], [3, 3], [3, 2], [2, 2], [2, 3], [2, 4], [1, 4], [1, 3], [1, 2], [0, 3], [0, 4]]",0.9285714285714286,91.359,"[[4, 4], [5, 4], [6, 4], [7, 4], [4, 5], [5, 5], [6, 5], [7, 5], [6, 6], [7, 6], [5, 6], [4, 6], [4, 7], [4, 8], [5, 8], [5, 7], [6, 7], [6, 8], [7, 8], [7, 7]]",0.8888888888888888,65.489,84.2495,44.486999999999995,67.3065,1.0,0.8,0.9285714285714286,0.8611111111111112,False,False,False,False,False,False,False,False,False
61,BA,50.456,test,0.0,112.981,1:3,0.6666666666666666,59.373,A0:D4,0.8,276.492,": , lambda df: [4:8]",0.0,105.566,D3:I7,0.5714285714285714,6.03,[],1.0,53.284,"[[0, 3], [0, 4], [0, 5]]",0.5,56.646,"[[7, 0], [9, 2], [8, 2], [7, 2], [7, 1], [8, 1], [9, 1], [9, 0], [8, 0]]",0.8181818181818182,88.085,"[[0, 2], [0, 3], [0, 4], [0, 5], [1, 5], [1, 4], [1, 3], [1, 2], [2, 2], [3, 2], [2, 3], [3, 3], [3, 4], [2, 4], [2, 5], [3, 5], [4, 4], [4, 2], [5, 2], [6, 2], [7, 2], [8, 2], [9, 2], [9, 5], [8, 5], [7, 5], [6, 5], [5, 5], [4, 5], [5, 4], [6, 4], [7, 4], [8, 4], [9, 4], [9, 3], [8, 3], [6, 3], [5, 3], [4, 3], [7, 3]]",0.9285714285714286,31.726,"[[5, 4], [8, 8], [5, 5], [5, 6], [5, 7], [5, 8], [6, 8], [7, 8], [6, 4], [6, 5], [6, 6], [7, 6], [7, 7], [8, 7], [6, 7], [8, 6], [8, 5], [7, 5], [7, 4], [8, 4]]",0.8888888888888888,82.4695,194.7365,44.186,70.6845,0.6857142857142857,0.3333333333333333,0.8535353535353536,0.7142857142857143,False,False,False,False,False,False,False,False,False
82,AB,58.265,any pseudocode,0.0,202.98,A2:J4,1.0,144.109,":5, :4",1.0,112.637,D1:G*,0.6,197.501,"3:9, 3:7",0.8,3.934,"[[3, 3], [3, 4], [3, 5], [3, 6], [3, 7], [3, 8], [3, 9]]",0.1818181818181818,104.094,"[[3, 1], [3, 2], [3, 3], [3, 4], [3, 5], [3, 6], [4, 7], [4, 8], [3, 9], [3, 8], [3, 7], [4, 9], [4, 1], [4, 2], [4, 3], [4, 4], [4, 5], [4, 6]]",0.8571428571428571,42.877,"[[5, 0], [5, 1], [6, 1], [6, 2], [7, 2], [8, 2], [9, 2], [6, 0], [7, 0], [8, 0], [9, 1], [9, 0], [7, 1], [8, 1], [5, 2]]",0.8333333333333334,28.588,"[[0, 3], [0, 4], [0, 5], [1, 5], [2, 5], [3, 5], [4, 5], [5, 5], [6, 5], [7, 5], [8, 5], [9, 5], [9, 4], [9, 3], [8, 3], [7, 3], [1, 3], [2, 3], [3, 3], [4, 3], [5, 3], [6, 3], [1, 4], [2, 4], [3, 4], [4, 4], [5, 4], [6, 4], [7, 4], [8, 4]]",0.9285714285714286,32.625,"[[3, 4], [4, 4], [5, 4], [6, 4], [6, 5], [6, 6], [6, 7], [6, 8], [5, 8], [4, 8], [3, 8], [3, 7], [4, 7], [5, 7], [5, 6], [4, 6], [3, 6], [3, 5], [4, 5], [5, 5]]",0.8,157.80849999999998,170.805,66.341,37.751000000000005,0.8,0.9,0.8928571428571428,0.8166666666666667,False,False,False,False,False,False,False,False,False
1,BA,43.307,C4:E6,0.03,169.815,1:4,1.0,18.523,A1:D5,1.0,87.093,":9, 4:8",0.9,37.629,D4:H9,1.0,8.654,"[[0, 1], [1, 1], [2, 1], [3, 1], [5, 1], [6, 1], [7, 1], [8, 1], [9, 1]]",0.1538461538461538,22.654,"[[3, 0], [4, 0], [3, 1], [4, 1], [3, 2], [4, 3], [4, 2], [3, 3], [3, 4], [4, 4], [3, 5], [4, 5], [3, 6], [4, 6], [3, 7], [4, 7], [3, 8], [4, 8], [3, 9], [4, 9]]",0.9285714285714286,29.606,"[[6, 0], [6, 2], [6, 1], [7, 0], [8, 0], [7, 1], [9, 2], [8, 2], [7, 2], [9, 1], [8, 1], [9, 0]]",0.9090909090909092,21.661,"[[0, 2], [0, 3], [0, 4], [1, 2], [2, 2], [1, 3], [2, 3], [3, 3], [4, 3], [5, 3], [6, 3], [7, 3], [8, 3], [1, 4], [2, 4], [3, 4], [4, 4], [5, 4], [6, 4], [7, 4], [8, 4], [9, 4], [3, 2], [4, 2], [5, 2], [6, 2], [7, 2], [8, 2], [9, 2], [9, 3]]",0.9285714285714286,22.904,"[[4, 4], [4, 5], [4, 6], [4, 7], [4, 8], [5, 4], [6, 4], [7, 5], [7, 4], [5, 5], [6, 5], [5, 6], [6, 6], [6, 7], [5, 7], [5, 8], [6, 8], [7, 6], [7, 8], [7, 7]]",0.8888888888888888,28.076,128.454,26.255000000000003,22.1575,1.0,0.95,0.898989898989899,0.9285714285714286,False,False,False,False,False,False,False,False,False
68,BA,247.623,block DataSelector oftype CellRangeSelector {    select: range C4:E6;  },0.0,313.762,1:4,1.0,35.909,A1:D5,1.0,133.659,3:9,0.3157894736842105,23.309,D4:H9,1.0,47.27,"[[1, 0], [1, 1], [1, 9], [1, 2], [1, 3], [1, 4], [1, 5], [1, 6], [1, 7], [1, 8], [2, 0], [2, 1], [2, 2], [2, 3], [2, 4], [2, 5], [2, 6], [2, 7], [2, 8], [2, 9]]",0.1428571428571428,17.557,"[[3, 0], [3, 1], [3, 2], [4, 3], [4, 4], [4, 5], [4, 6], [4, 7], [4, 8], [4, 9], [3, 9], [3, 8], [3, 5], [3, 6], [3, 4], [3, 3], [3, 7], [4, 2], [4, 1], [4, 0]]",0.9285714285714286,23.949,"[[6, 0], [9, 2], [8, 2], [7, 2], [6, 2], [6, 1], [7, 1], [9, 1], [8, 1], [9, 0], [8, 0], [7, 0]]",0.9090909090909092,30.706,"[[0, 2], [5, 2], [4, 2], [3, 2], [2, 2], [1, 2], [6, 2], [7, 2], [8, 2], [9, 2], [0, 3], [0, 4], [1, 4], [2, 4], [3, 4], [4, 4], [5, 4], [6, 4], [7, 4], [8, 4], [9, 4], [9, 3], [8, 3], [7, 3], [6, 3], [5, 3], [4, 3], [3, 3], [2, 3], [1, 3]]",0.9285714285714286,28.89,"[[4, 4], [7, 8], [6, 8], [5, 8], [4, 8], [4, 7], [5, 7], [6, 7], [7, 7], [4, 6], [5, 6], [6, 6], [7, 6], [4, 5], [5, 5], [6, 5], [7, 5], [5, 4], [6, 4], [7, 4]]",0.8888888888888888,29.609,223.7105,26.4195,24.1315,1.0,0.6578947368421053,0.898989898989899,0.9285714285714286,False,False,False,False,False,False,False,False,False
5,AB,33.345,select:range B,0.0,51.07,A2:*4,1.0,149.462,"0:5,0:4",1.0,49.387,E1:H10,1.0,31.518,"3:9, 3:8",1.0,8.285,"[[3, 2], [3, 3], [3, 4], [3, 5], [3, 6], [3, 7], [3, 8]]",0.1818181818181818,37.51,"[[3, 0], [3, 1], [3, 2], [3, 3], [3, 4], [3, 5], [3, 6], [3, 7], [3, 8], [3, 9], [4, 9], [4, 8], [4, 7], [4, 6], [4, 4], [4, 3], [4, 2], [4, 1], [4, 0], [4, 5]]",0.9285714285714286,15.374,"[[5, 0], [6, 0], [7, 0], [8, 0], [8, 1], [7, 2], [8, 2], [7, 1], [5, 1], [6, 1], [5, 2], [6, 2]]",0.75,13.926,"[[0, 2], [0, 3], [0, 4], [1, 4], [2, 4], [3, 4], [4, 4], [5, 4], [6, 4], [7, 4], [8, 4], [9, 4], [9, 3], [9, 2], [8, 2], [7, 2], [6, 2], [5, 2], [4, 2], [3, 2], [2, 2], [1, 2], [1, 3], [2, 3], [3, 3], [4, 3], [5, 3], [6, 3], [7, 3], [8, 3]]",0.9285714285714286,31.21,"[[4, 4], [4, 5], [4, 6], [4, 7], [4, 8], [5, 8], [6, 8], [7, 8], [7, 7], [7, 6], [7, 5], [7, 4], [6, 4], [5, 4], [5, 5], [5, 6], [5, 7], [6, 7], [6, 6], [6, 5]]",0.8888888888888888,50.2285,90.49,25.718,23.292,1.0,1.0,0.9285714285714286,0.8194444444444444,False,False,False,False,False,False,False,False,False
53,BA,27.04,yeller,0.0,411.924,"[1:3],[0:10]",0.0,45.667,A1:D5,1.0,235.099,": , 4:8",1.0,47.793,D4:H9,1.0,17.263,"[[2, 1], [4, 6], [6, 6], [4, 7], [3, 7], [2, 7], [2, 6], [1, 6], [8, 2], [3, 2], [5, 1], [6, 1], [7, 1], [7, 2], [5, 2], [3, 3], [6, 3], [5, 3], [6, 4], [1, 4], [0, 4], [3, 4], [5, 5], [2, 5]]",0.1538461538461538,24.75,"[[3, 0], [3, 1], [3, 2], [3, 3], [3, 4], [3, 5], [3, 6], [3, 7], [3, 8], [3, 9], [4, 0], [4, 1], [4, 2], [4, 3], [4, 4], [4, 5], [4, 6], [4, 7], [4, 8], [4, 9]]",0.9285714285714286,21.768,"[[7, 1], [7, 2], [8, 2], [9, 1], [8, 1], [8, 0], [7, 0], [9, 0], [9, 2]]",0.8181818181818182,24.636,"[[0, 4], [0, 3], [1, 2], [2, 2], [3, 2], [4, 2], [5, 2], [6, 2], [7, 2], [8, 2], [9, 2], [9, 3], [8, 3], [7, 3], [6, 3], [5, 3], [4, 3], [3, 3], [2, 3], [1, 3], [1, 4], [2, 4], [3, 4], [4, 4], [5, 4], [6, 4], [7, 4], [8, 4], [9, 4], [0, 2]]",0.9285714285714286,27.423,"[[4, 4], [7, 8], [4, 5], [4, 6], [4, 7], [4, 8], [7, 7], [7, 6], [7, 5], [7, 4], [6, 4], [5, 4], [5, 5], [6, 5], [6, 6], [5, 6], [5, 7], [6, 7], [6, 8], [5, 8]]",0.8888888888888888,46.73,323.51149999999996,24.5955,24.693,1.0,0.5,0.8535353535353536,0.9285714285714286,False,False,False,False,False,False,False,False,False
45,BA,45.209,sdkhkj,0.0,231.67,A2*4,0.0,151.458,<A1:D5>,0.0,463.521,"E1,H10",0.0,31.926,D4:H9,1.0,16.854,"[[2, 1], [2, 2], [2, 3], [2, 4], [2, 5], [2, 6], [3, 8], [3, 9], [2, 9], [2, 8], [3, 6], [2, 7], [3, 7], [3, 5], [3, 4], [3, 3], [3, 2], [3, 1], [2, 0], [3, 0]]",0.1428571428571428,94.559,"[[0, 0], [0, 1], [0, 2], [1, 0], [1, 1], [1, 2], [2, 0], [2, 1], [2, 2], [3, 0], [3, 1], [3, 2], [4, 0], [4, 1], [4, 2]]",0.5714285714285714,24.751,"[[6, 0], [9, 2], [8, 2], [7, 2], [6, 2], [6, 1], [7, 1], [8, 1], [9, 1], [9, 0], [7, 0], [8, 0]]",0.9090909090909092,46.998,"[[1, 4]]",0.3571428571428571,34.447,"[[0, 4], [7, 8], [6, 8], [5, 8], [4, 8], [3, 8], [2, 8], [1, 8], [0, 8], [7, 7], [7, 6], [7, 5], [7, 4], [6, 4], [6, 5], [6, 6], [6, 7], [5, 7], [5, 6], [5, 5], [5, 4], [4, 4], [4, 5], [4, 6], [4, 7], [3, 7], [3, 6], [3, 5], [3, 4], [2, 4], [2, 5], [2, 6], [2, 7], [1, 7], [1, 6], [1, 5], [1, 4], [0, 5], [0, 6], [0, 7]]",0.6153846153846154,91.692,347.5955,29.599000000000004,70.7785,0.5,0.0,0.7622377622377623,0.4642857142857143,False,False,False,False,False,False,False,False,False
73,BA,65.512, block ExampleDataSelector oftype CellRangeSelector {    select: range C4:E7;  },0.0,114.422,"[1:4], :",0.0,32.021,A1:D5,1.0,31.629,": , [4:8]",0.0,31.66,C4:G9,0.6666666666666666,11.541,"[[2, 3], [3, 4], [4, 4], [4, 5], [5, 5]]",0.25,42.525,"[[3, 0], [4, 1], [4, 6], [4, 7], [4, 8], [4, 9], [4, 0], [4, 5], [4, 2], [4, 3], [4, 4], [3, 1], [3, 2], [3, 3], [3, 4], [3, 5], [3, 6], [3, 7], [3, 8], [3, 9]]",0.9285714285714286,24.878,"[[6, 0], [6, 2], [9, 2], [8, 2], [7, 2], [6, 1], [7, 1], [8, 1], [9, 1], [9, 0], [8, 0], [7, 0]]",0.9090909090909092,23.118,"[[0, 2], [1, 2], [2, 2], [3, 2], [3, 3], [4, 3], [5, 3], [6, 3], [7, 3], [8, 3], [9, 3], [9, 4], [8, 4], [7, 4], [6, 4], [5, 4], [4, 4], [3, 4], [2, 4], [1, 4], [0, 4], [0, 3], [1, 3], [2, 3], [4, 2], [5, 2], [6, 2], [7, 2], [8, 2], [9, 2]]",0.9285714285714286,66.822,"[[4, 4], [6, 8], [5, 8], [4, 8], [4, 7], [5, 7], [6, 7], [6, 6], [4, 6], [5, 6], [4, 5], [5, 5], [6, 5], [6, 4], [5, 4], [7, 4], [7, 5], [7, 6], [7, 7], [7, 8]]",0.8888888888888888,31.8405,73.0255,45.85,32.8215,0.8333333333333333,0.0,0.898989898989899,0.9285714285714286,False,False,False,False,False,False,False,False,False
43,BA,10.746,2345021,0.0,128.293,"2:4, 1:10 ",0.6,26.255,A1:D5,1.0,36.079,"4:8, :",0.25,76.815,D4:H9,1.0,21.063,"[[5, 2], [5, 3], [6, 3], [6, 4], [5, 4], [5, 5], [6, 5], [7, 5], [7, 6], [6, 6], [5, 6], [4, 6], [4, 5], [4, 4], [4, 3], [4, 2], [6, 1], [5, 1], [4, 1]]",0.1818181818181818,23.454,"[[2, 0], [3, 0], [4, 0], [3, 1], [3, 2], [3, 3], [4, 4], [4, 5], [4, 6], [4, 7], [4, 8], [4, 9], [3, 9], [2, 9], [2, 8], [2, 7], [3, 6], [3, 5], [2, 4], [2, 3], [2, 2], [2, 1], [2, 5], [2, 6], [3, 7], [3, 8], [3, 4], [4, 1], [4, 2], [4, 3]]",0.9285714285714286,26.631,"[[6, 0], [6, 1], [6, 2], [7, 2], [8, 2], [9, 2], [9, 1], [9, 0], [8, 0], [7, 0], [7, 1], [8, 1]]",0.9090909090909092,17.943,"[[0, 0], [0, 1], [1, 1], [2, 1], [3, 1], [4, 1], [4, 0], [3, 0], [2, 0], [1, 0]]",0.5714285714285714,37.031,"[[4, 4], [4, 8], [5, 8], [6, 8], [7, 8], [7, 4], [7, 5], [7, 6], [7, 7], [5, 4], [6, 4], [6, 5], [6, 6], [6, 7], [4, 5], [5, 5], [5, 6], [5, 7], [4, 7], [4, 6]]",0.8888888888888888,51.535,82.186,31.831,20.698500000000003,1.0,0.425,0.898989898989899,0.75,False,False,False,False,False,False,False,False,False
52,AB,22.453,made2024,0.0,62.256,A2:*4,1.0,56.963,":5, :4",1.0,29.853,E*:H*,0.1,65.287,"3:9, 3:8",1.0,25.294,"[[2, 1], [2, 2], [2, 3], [2, 4], [2, 5], [2, 6]]",0.2,60.278,"[[3, 0], [3, 1], [3, 2], [3, 3], [3, 4], [3, 5], [3, 6], [3, 7], [3, 8], [3, 9], [4, 9], [4, 8], [4, 7], [4, 6], [4, 5], [4, 4], [4, 3], [4, 2], [4, 1], [4, 0]]",0.9285714285714286,39.238,"[[8, 0], [6, 0], [7, 0], [9, 0], [6, 1], [7, 1], [8, 1], [9, 1], [6, 2], [7, 2], [8, 2], [9, 2]]",0.9090909090909092,20.742,"[[0, 2], [1, 2], [2, 2], [3, 2], [4, 2], [5, 2], [6, 2], [7, 2], [8, 2], [9, 2], [0, 3], [1, 3], [2, 3], [3, 3], [4, 3], [5, 3], [6, 3], [7, 3], [8, 3], [9, 3], [0, 4], [1, 4], [2, 4], [3, 4], [4, 4], [5, 4], [6, 4], [7, 4], [8, 4], [9, 4]]",0.9285714285714286,74.909,"[[4, 4], [5, 4], [6, 4], [7, 4], [4, 8], [5, 8], [6, 8], [7, 8], [4, 5], [5, 5], [6, 5], [7, 5], [4, 6], [5, 6], [6, 6], [7, 6], [4, 7], [5, 7], [6, 7], [7, 7]]",0.8888888888888888,46.0545,61.125,40.51,57.0735,0.55,1.0,0.9285714285714286,0.898989898989899,False,False,False,False,False,False,False,False,False
83,AB,20.8215,seldeasd,0.0,83.97559999999405,[row2: row4];,0.0,132.839,"[0:5], [0:4]",0.0,55.75129999998211,E1:H*,1.0,34.4385,"[3:9],[3:8]",0.0,11.16609999999404,"[[3, 1], [4, 1], [4, 2], [4, 3], [4, 4], [5, 5], [5, 6], [6, 6], [7, 6], [7, 5]]",0.1818181818181818,53.47040000000596,"[[4, 0], [3, 0], [3, 1], [3, 2], [3, 3], [3, 4], [3, 5], [3, 6], [3, 7], [4, 1], [4, 2], [4, 3], [4, 4], [4, 5], [4, 6], [4, 7], [4, 8], [4, 9], [3, 9], [3, 8]]",0.9285714285714286,33.55019999998808,"[[7, 0], [8, 0], [6, 0], [9, 0], [6, 1], [7, 1], [8, 1], [9, 1], [6, 2], [7, 2], [8, 2], [9, 2]]",0.9090909090909092,23.43029999998212,"[[0, 2], [0, 4], [1, 4], [2, 4], [3, 4], [4, 4], [5, 4], [6, 4], [7, 4], [8, 4], [9, 4], [0, 3], [7, 3], [4, 3], [3, 3], [2, 3], [1, 3], [5, 3], [6, 3], [8, 3], [9, 3], [1, 2], [9, 2], [8, 2], [3, 2], [4, 2], [2, 2], [5, 2], [6, 2], [7, 2]]",0.9285714285714286,31.77340000000596,"[[4, 4], [5, 4], [6, 4], [7, 4], [4, 8], [5, 8], [6, 8], [7, 8], [7, 7], [6, 7], [5, 7], [4, 7], [4, 6], [5, 6], [6, 6], [7, 6], [7, 5], [6, 5], [5, 5], [4, 5]]",0.8888888888888888,69.86344999998808,83.63875,38.45034999999404,32.66179999999702,0.5,0.0,0.9285714285714286,0.898989898989899,False,False,False,False,False,False,False,False,False
28,AB,14.176,fseddgfd,0.0,80.381,A2:I4,0.0,167.516,"[0,4],[0,4]",0.0909090909090909,101.098,A5:*4,0.0,63.588,"[3,8],[3,8]",0.0625,21.005,"[[1, 1], [1, 2], [1, 3], [1, 4], [1, 5], [1, 6], [2, 6], [3, 6], [4, 6], [3, 3], [2, 3], [2, 4], [2, 5], [4, 5], [3, 5], [4, 4], [4, 3], [3, 4], [2, 2], [3, 2], [4, 2], [2, 1], [3, 1], [4, 1]]",0.2,80.133,"[[4, 0], [4, 1], [4, 2], [4, 3], [4, 4], [4, 5]]",0.6428571428571429,54.789,"[[5, 1], [5, 2], [9, 2], [7, 1], [6, 1], [6, 2], [7, 2], [9, 1], [8, 1], [8, 2], [5, 0], [6, 0], [7, 0], [8, 0], [9, 0]]",0.8333333333333334,24.15,"[[0, 4], [1, 4], [2, 4], [3, 4], [4, 4], [5, 4], [6, 4], [7, 4], [8, 4], [9, 4], [1, 2], [2, 2], [3, 2], [4, 2], [5, 2], [6, 2], [7, 2], [8, 2], [9, 2], [1, 3], [2, 3], [3, 3], [4, 3], [5, 3], [6, 3], [7, 3], [8, 3], [9, 3], [0, 2], [0, 3]]",0.9285714285714286,47.518,"[[2, 3], [4, 3], [5, 3], [6, 3], [7, 3], [7, 4], [7, 5], [7, 6], [7, 8], [7, 9], [2, 5], [2, 6], [2, 7], [2, 8], [2, 9], [3, 4], [3, 5], [3, 6], [3, 7], [3, 8], [3, 9], [4, 4], [4, 5], [4, 6], [4, 7], [4, 8], [4, 9], [5, 4], [5, 5], [5, 6], [5, 7], [5, 8], [5, 9], [6, 4], [6, 5], [6, 6], [6, 7], [6, 8], [6, 9], [7, 7], [3, 3], [2, 4]]",0.6666666666666666,90.7395,115.552,52.14149999999999,51.1535,0.0,0.0767045454545454,0.7857142857142858,0.75,False,False,False,False,False,False,False,False,False
23,AB,202.699,4:3,0.0,245.695,A2:A3:A4,0.0,223.074,1:3,0.25,69.183,E1:F1:G1:H1,0.0,37.975,": ,3:7",0.5217391304347826,9.947,"[[4, 3], [4, 4], [1, 3], [2, 3], [3, 3], [3, 4], [3, 5], [4, 5], [4, 6], [3, 6], [3, 7], [2, 7], [2, 8], [2, 9], [3, 9], [4, 9], [5, 9]]",0.1538461538461538,87.903,"[[3, 0], [3, 1], [3, 2], [3, 3], [3, 4], [3, 5], [3, 6], [3, 7], [3, 8], [3, 9]]",0.9285714285714286,101.895,"[[0, 0], [1, 0], [2, 0], [3, 0], [4, 0], [5, 0], [0, 1], [0, 2], [0, 3], [0, 4], [0, 5], [0, 6], [0, 7], [0, 8], [1, 9], [2, 9], [0, 9], [2, 8], [2, 7], [2, 6], [3, 5], [3, 4], [3, 3], [3, 2], [2, 2], [2, 1], [1, 1], [1, 2], [1, 3], [2, 3], [2, 4], [1, 4], [2, 5], [1, 5], [1, 6], [1, 7], [1, 8], [3, 1], [4, 1], [5, 2], [4, 2], [5, 1], [5, 3], [4, 3], [5, 4], [4, 4], [4, 5], [5, 5], [5, 6], [5, 7], [5, 8], [4, 8], [4, 9], [5, 9], [3, 9], [3, 7], [4, 7], [4, 6], [3, 6], [3, 8]]",0.7142857142857143,62.805,"[[0, 2], [1, 2], [2, 2], [3, 2], [4, 2], [6, 3], [7, 3], [8, 3], [9, 3], [9, 2], [8, 2], [7, 2], [0, 3], [1, 3], [2, 3], [3, 3], [4, 3], [5, 3], [6, 2], [5, 2], [0, 4], [1, 4], [2, 4], [3, 4], [4, 4], [5, 4], [6, 4], [7, 4], [8, 4], [9, 4]]",0.9285714285714286,53.622,"[[3, 8], [3, 9]]",0.3636363636363636,157.439,130.52450000000002,75.354,77.7585,0.0,0.3858695652173913,0.9285714285714286,0.538961038961039,False,False,False,False,False,False,False,False,False
2,BA,21.491,123,0.0,46.469,":, 1:3",0.1363636363636363,32.298,A1:D5,1.0,153.605,":, 4:8",1.0,87.006,D4:H9,1.0,7.076,"[[7, 5], [6, 5], [5, 6], [4, 6], [3, 6], [2, 5], [1, 4], [0, 2], [0, 1], [2, 1], [3, 1], [4, 1], [5, 1], [6, 1], [4, 2], [6, 2], [1, 3], [6, 3], [4, 3], [5, 3]]",0.1666666666666666,27.723,"[[3, 0], [4, 0], [3, 1], [4, 1], [4, 2], [3, 2], [3, 3], [4, 3], [4, 4], [3, 4], [3, 5], [4, 5], [4, 6], [3, 6], [3, 7], [3, 8], [4, 8], [4, 9], [3, 9], [4, 7]]",0.9285714285714286,38.806,"[[6, 0], [9, 2], [8, 2], [7, 2], [6, 2], [6, 1], [7, 1], [8, 1], [9, 1], [9, 0], [8, 0], [7, 0]]",0.9090909090909092,39.797,"[[0, 2], [1, 2], [2, 2], [3, 2], [4, 2], [5, 2], [6, 2], [7, 2], [8, 2], [9, 3], [8, 3], [7, 3], [6, 3], [5, 3], [4, 3], [3, 3], [2, 3], [1, 3], [0, 3], [1, 4], [2, 4], [3, 4], [4, 4], [5, 4], [6, 4], [7, 4], [8, 4], [9, 4], [9, 2], [0, 4]]",0.9285714285714286,30.263,"[[4, 4], [7, 6], [7, 5], [7, 4], [6, 4], [6, 5], [5, 5], [5, 6], [6, 6], [4, 6], [4, 5], [5, 4]]",0.7777777777777778,59.652,100.037,34.5345,33.76,1.0,0.5681818181818181,0.8434343434343434,0.9285714285714286,False,False,False,False,False,False,False,False,False
39,BA,153.71,select range: C4:E6,0.0,220.277,"1:4,:",1.0,68.197,A1:D5,1.0,84.446,":,4:8",1.0,43.964,D4:H9,1.0,15.773,"[[2, 1], [2, 2], [3, 2], [3, 3], [4, 3], [5, 3], [6, 3], [3, 1], [4, 1], [4, 2], [2, 3], [5, 2], [5, 1], [6, 1], [6, 2]]",0.2,36.484,"[[3, 0], [4, 0], [3, 1], [4, 1], [3, 2], [3, 3], [3, 4], [3, 5], [3, 6], [3, 7], [3, 8], [3, 9], [4, 2], [4, 3], [4, 4], [4, 5], [4, 6], [4, 7], [4, 8], [4, 9]]",0.9285714285714286,24.053,"[[6, 0], [7, 0], [8, 0], [9, 0], [6, 1], [7, 1], [8, 1], [9, 1], [6, 2], [7, 2], [8, 2], [9, 2]]",0.9090909090909092,22.485,"[[0, 2], [1, 2], [2, 2], [3, 2], [4, 2], [5, 2], [6, 2], [7, 2], [8, 2], [9, 2], [0, 3], [1, 3], [2, 3], [4, 3], [5, 3], [6, 3], [7, 3], [8, 3], [9, 3], [3, 3], [0, 4], [1, 4], [2, 4], [3, 4], [4, 4], [5, 4], [6, 4], [7, 4], [8, 4], [9, 4]]",0.9285714285714286,42.685,"[[5, 4], [4, 4], [6, 4], [7, 4], [4, 5], [5, 5], [6, 5], [7, 5], [4, 6], [5, 6], [6, 6], [7, 6], [4, 7], [5, 7], [6, 7], [7, 7], [4, 8], [5, 8], [6, 8], [7, 8]]",0.8888888888888888,56.0805,152.36149999999998,33.369,29.4845,1.0,1.0,0.898989898989899,0.9285714285714286,False,False,False,False,False,False,False,False,False
31,BA,42.222,324,0.0,226.792,"df1.iloc[1:4, :]",1.0,45.547,  select: range A1:B5;,0.0,84.453,"df1.iloc[:, 4:8]",1.0,45.74,  select: range D4:H9;,1.0,26.821,"[[0, 1], [0, 2], [1, 1], [1, 2]]",0.2857142857142857,71.668,"[[3, 0], [3, 1], [3, 2], [3, 3], [3, 4], [3, 5], [3, 6], [3, 7], [3, 8], [3, 9], [4, 0], [4, 1], [4, 2], [4, 3], [4, 4], [4, 5], [4, 6], [4, 7], [4, 8], [4, 9]]",0.9285714285714286,65.054,"[[6, 2], [7, 2], [8, 2], [9, 2], [6, 1], [7, 1], [8, 1], [9, 1], [7, 0], [9, 0], [6, 0], [8, 0]]",0.9090909090909092,96.133,"[[0, 4], [1, 2], [0, 2], [2, 2], [3, 2], [4, 2], [5, 2], [6, 2], [7, 2], [8, 2], [9, 2], [1, 3], [0, 3], [2, 3], [3, 3], [4, 3], [5, 3], [6, 3], [7, 3], [8, 3], [9, 3], [1, 4], [2, 4], [3, 4], [4, 4], [5, 4], [6, 4], [7, 4], [8, 4], [9, 4]]",0.9285714285714286,32.294,"[[4, 4], [7, 8], [4, 5], [4, 6], [4, 7], [4, 8], [5, 4], [5, 5], [5, 6], [5, 7], [5, 8], [6, 4], [6, 5], [6, 6], [6, 7], [6, 8], [7, 4], [7, 5], [7, 6], [7, 7]]",0.8888888888888888,45.6435,155.6225,48.674,83.9005,0.5,1.0,0.898989898989899,0.9285714285714286,False,False,False,False,False,False,False,False,False
17,BA,89.874,block ExampleDataSelector oftype CellRangeSelector {    select: range D4:F6;  },0.0,27.903,1:4,1.0,31.485,A1:D5,1.0,53.862,": , 4:8",1.0,32.847,D3:H9,0.8571428571428571,13.87,"[[3, 2], [5, 3], [2, 3], [3, 3], [4, 2], [4, 3], [2, 2], [5, 2]]",0.25,30.014,"[[3, 9], [3, 8], [3, 7], [3, 6], [3, 5], [3, 4], [3, 3], [3, 2], [3, 1], [4, 1], [4, 2], [4, 3], [4, 4], [4, 8], [4, 9], [4, 5], [4, 6], [4, 7]]",0.8571428571428571,18.958,"[[7, 0], [8, 0], [8, 1], [9, 1], [9, 2], [8, 2], [7, 2], [7, 1], [9, 0]]",0.8181818181818182,18.238,"[[0, 2], [2, 2], [3, 2], [4, 2], [5, 2], [6, 2], [7, 2], [8, 2], [9, 2], [1, 2], [0, 3], [1, 3], [2, 3], [3, 3], [4, 3], [5, 3], [6, 3], [7, 3], [8, 3], [9, 3], [0, 4], [1, 4], [2, 4], [3, 4], [4, 4], [5, 4], [6, 4], [7, 4], [8, 4], [9, 4]]",0.9285714285714286,41.887,"[[7, 7], [6, 7], [5, 7], [4, 7], [4, 6], [4, 5], [4, 4], [7, 4], [6, 5], [7, 5], [7, 6], [6, 6], [5, 6], [5, 5], [6, 4], [5, 4], [4, 8], [5, 8], [6, 8], [7, 8]]",0.8888888888888888,32.166,40.8825,30.4225,24.126,0.9285714285714286,1.0,0.8535353535353536,0.8928571428571428,False,False,False,False,False,False,False,False,False
41,AB,104.522,block ExampleDataSelector oftype CellRangeSelector {    select: range D4:F6;  },0.0,93.838,A2:J4,1.0,103.557,"1:4,1:5",0.391304347826087,38.059,E1:H10,1.0,215.387,"3:8,3:9",0.7142857142857143,18.117,"[[0, 1], [1, 1], [1, 2], [2, 2], [3, 2], [3, 3], [4, 3], [5, 3], [6, 4], [7, 4], [8, 5]]",0.1538461538461538,107.216,"[[3, 0], [3, 1], [3, 2], [3, 3], [3, 4], [3, 5], [3, 6], [3, 9], [3, 7], [3, 8], [4, 0], [4, 1], [4, 2], [4, 3], [4, 4], [4, 5], [4, 6], [4, 7], [4, 8], [4, 9]]",0.9285714285714286,138.278,"[[5, 0], [6, 0], [7, 0], [8, 0], [8, 1], [8, 2], [5, 1], [6, 1], [7, 1], [7, 2], [5, 2], [6, 2]]",0.75,35.967,"[[2, 0], [3, 0], [4, 0], [4, 1], [4, 2], [4, 3], [4, 4], [4, 5], [4, 9], [4, 8], [4, 7], [4, 6], [3, 6], [2, 6], [2, 5], [2, 4], [2, 3], [2, 2], [2, 1], [3, 1], [3, 2], [3, 3], [3, 4], [3, 5], [2, 7], [2, 8], [2, 9], [3, 9], [3, 8], [3, 7]]",0.9285714285714286,30.281,"[[3, 4], [3, 5], [3, 6], [3, 7], [3, 8], [4, 8], [5, 8], [6, 8], [6, 7], [6, 6], [6, 5], [6, 4], [5, 4], [4, 4], [4, 5], [4, 6], [4, 7], [5, 7], [5, 6], [5, 5]]",0.8,65.9485,159.472,71.5915,84.2795,1.0,0.5527950310559007,0.9285714285714286,0.775,False,False,False,False,False,False,False,False,False
14,BA,290.152,block ExampleDataSelector oftype CellRangeSelector {    select: range C4:E6;  },0.0,322.868,[1:3],0.0,46.247,A1:D5,1.0,151.357,": , [4:8]",0.0,85.672,D4:H8,0.8333333333333334,45.548,"[[4, 2], [4, 3], [6, 3], [5, 3]]",0.2222222222222222,67.006,"[[3, 0], [4, 0], [3, 1], [4, 1], [3, 2], [4, 2], [4, 3], [3, 3], [3, 4], [4, 4], [4, 5], [3, 5], [3, 6], [4, 6], [3, 7], [4, 7], [3, 8], [4, 8], [4, 9], [3, 9]]",0.9285714285714286,33.221,"[[6, 0], [9, 2], [9, 1], [9, 0], [7, 0], [8, 0], [8, 1], [6, 1], [7, 1], [6, 2], [7, 2], [8, 2]]",0.9090909090909092,52.709,"[[0, 2], [1, 2], [2, 2], [3, 2], [4, 2], [5, 2], [6, 2], [7, 2], [8, 2], [9, 2], [9, 3], [8, 3], [7, 3], [6, 3], [5, 3], [4, 3], [3, 3], [2, 3], [1, 3], [0, 3], [0, 4], [1, 4], [2, 4], [3, 4], [4, 4], [5, 4], [6, 4], [7, 4], [8, 4], [9, 4]]",0.9285714285714286,42.901,"[[4, 4], [5, 4], [6, 4], [7, 4], [7, 5], [4, 5], [4, 6], [4, 7], [4, 8], [5, 8], [6, 8], [7, 8], [7, 7], [7, 6], [6, 5], [5, 5], [5, 6], [6, 6], [6, 7], [5, 7]]",0.8888888888888888,65.95949999999999,237.1125,38.061,59.8575,0.9166666666666669,0.0,0.898989898989899,0.9285714285714286,False,False,False,False,False,False,False,False,False
79,BA,21.72630000001192,hsts;fkmlf,0.0,135.41329999998212,1:3,0.6666666666666666,62.19059999999404,A1:D5,1.0,204.08559999999403,":, 4:7",0.75,52.13240000000596,D4:H9,1.0,22.27809999999404,"[[2, 2], [3, 2], [4, 2], [4, 3], [4, 4], [4, 5], [5, 5], [5, 6], [5, 7], [6, 7], [6, 8]]",0.1818181818181818,14.42180000001192,"[[0, 3], [0, 4], [0, 5], [1, 5], [2, 5], [3, 5], [4, 5], [5, 5], [6, 5], [7, 5], [8, 5], [9, 5], [9, 4], [9, 3], [8, 3], [7, 3], [6, 3], [5, 3], [4, 3], [3, 3], [2, 3], [1, 3], [1, 4], [2, 4], [3, 4], [4, 4], [5, 4], [6, 4], [7, 4], [8, 4]]",0.9285714285714286,22.44659999999404,"[[0, 2], [1, 2], [2, 2], [3, 2], [4, 2], [5, 2], [6, 2], [7, 2], [8, 2], [9, 1], [9, 0], [8, 0], [7, 0], [6, 0], [5, 0], [4, 0], [3, 0], [2, 0], [1, 0], [0, 1], [1, 1], [2, 1], [3, 1], [4, 1], [5, 1], [6, 1], [7, 1], [8, 1], [9, 2], [0, 0]]",0.7142857142857143,17.269699999988077,"[[0, 2], [0, 5], [1, 5], [1, 4], [1, 3], [0, 3], [0, 4], [1, 2], [2, 2], [3, 2], [4, 2], [5, 2], [6, 2], [7, 2], [8, 2], [9, 2], [9, 3], [9, 4], [9, 5], [2, 5], [3, 5], [4, 5], [5, 5], [6, 5], [7, 5], [8, 5], [8, 4], [8, 3], [7, 3], [6, 3], [5, 3], [4, 3], [3, 3], [2, 3], [2, 4], [3, 4], [4, 4], [5, 4], [6, 4], [7, 4]]",0.9285714285714286,30.68669999998808,"[[4, 8], [7, 8], [7, 7], [6, 6], [6, 5], [6, 4], [7, 6], [7, 5], [7, 4], [4, 4], [5, 4], [5, 5], [5, 6], [6, 8], [5, 8], [5, 7], [6, 7], [4, 7], [4, 6], [4, 5]]",0.8888888888888888,57.1615,169.7494499999881,26.566649999991057,15.84575,1.0,0.7083333333333333,0.8015873015873016,0.9285714285714286,False,False,False,False,False,False,False,False,False
20,AB,207.243,"Range [D4:F4, D5:F5 , D6:F6]",0.0,198.393,A2:*4,1.0,360.939,"0:4, 0:5",0.6666666666666666,45.58,E1:H*,1.0,228.244,"4:3 , 3:6",0.0,26.101,"[[0, 1], [1, 1], [2, 1], [3, 1], [4, 1], [5, 1], [5, 4], [4, 2], [3, 2], [2, 2], [1, 2], [0, 2], [5, 2], [5, 3], [4, 3], [3, 3], [2, 3], [1, 3], [0, 3], [0, 4], [1, 4], [2, 4], [3, 4], [4, 4]]",0.2,31.133,"[[4, 0], [3, 0], [3, 1], [3, 5], [3, 6], [3, 7], [3, 8], [3, 9], [4, 9], [4, 8], [4, 7], [4, 6], [4, 5], [4, 2], [4, 1], [3, 2], [3, 3], [3, 4], [4, 3], [4, 4]]",0.9285714285714286,40.078,"[[0, 5], [1, 5], [2, 5], [2, 6], [2, 8], [2, 9], [1, 9], [0, 9], [0, 6], [0, 7], [0, 8], [1, 6], [1, 7], [1, 8], [2, 7]]",0.8333333333333334,23.117,"[[0, 2], [0, 3], [0, 4], [1, 4], [2, 4], [3, 4], [4, 4], [5, 4], [6, 4], [7, 4], [8, 4], [9, 4], [1, 3], [2, 3], [3, 3], [4, 3], [5, 3], [6, 3], [7, 3], [8, 3], [1, 2], [2, 2], [3, 2], [4, 2], [5, 2], [6, 2], [7, 2], [8, 2], [9, 2], [9, 3]]",0.9285714285714286,70.119,"[[4, 3], [4, 4], [4, 5], [4, 6], [4, 7], [5, 3], [6, 3], [7, 3], [8, 3], [9, 3], [9, 7], [8, 7], [7, 7], [6, 7], [5, 7], [5, 6], [6, 6], [7, 6], [8, 6], [9, 6], [9, 5], [9, 4], [8, 4], [7, 4], [6, 4], [5, 4], [5, 5], [6, 5], [7, 5], [8, 5]]",0.7272727272727273,121.9865,294.5915,27.125,55.0985,1.0,0.3333333333333333,0.9285714285714286,0.7803030303030303,False,False,False,False,False,False,False,False,False
7,BA,54.05,cell range 4:3,0.0,423.237,"1: 4, :",1.0,128.494,A1:D5,1.0,443.812,":, 4:7",0.75,46.029,D4 : H9,1.0,43.651,"[[6, 2], [6, 3], [7, 3], [8, 3], [7, 2], [8, 2], [6, 5], [2, 2], [3, 2], [4, 3], [5, 3], [6, 4], [8, 6], [9, 6], [9, 7], [9, 8], [9, 9], [8, 8], [7, 8], [7, 7], [6, 7], [6, 6], [5, 6], [4, 6], [3, 6], [1, 6], [0, 6], [0, 7], [1, 7], [2, 7], [3, 8], [3, 9]]",0.1428571428571428,108.173,"[[4, 0], [5, 0], [3, 1], [3, 0], [4, 1], [5, 1], [4, 3], [4, 4], [4, 5], [4, 6], [5, 7], [5, 8], [5, 9], [4, 9], [3, 9], [3, 8], [4, 8], [4, 7], [3, 7], [3, 6], [3, 5], [3, 4], [3, 3], [3, 2], [4, 2], [5, 2], [5, 3], [5, 4], [5, 5], [5, 6]]",0.9285714285714286,29.087,"[[6, 0], [6, 1], [6, 2], [7, 2], [8, 2], [9, 2], [9, 1], [8, 1], [7, 1], [7, 0], [8, 0], [9, 0]]",0.9090909090909092,27.253,"[[0, 2], [0, 3], [0, 4], [0, 5], [1, 5], [4, 5], [5, 5], [6, 5], [7, 5], [8, 5], [9, 5], [3, 5], [2, 4], [1, 4], [3, 4], [4, 4], [5, 4], [6, 4], [7, 4], [8, 4], [1, 3], [2, 3], [3, 3], [4, 3], [5, 3], [6, 3], [7, 3], [8, 3], [9, 3], [1, 2], [2, 2], [3, 2], [4, 2], [5, 2], [6, 2], [7, 2], [8, 2], [9, 2], [9, 4], [2, 5]]",0.9285714285714286,48.446,"[[5, 4], [4, 4], [6, 4], [7, 4], [7, 8], [4, 8], [5, 8], [6, 8], [4, 7], [5, 7], [6, 7], [7, 7], [4, 6], [5, 6], [6, 6], [7, 6], [4, 5], [5, 5], [6, 5], [7, 5]]",0.8888888888888888,87.2615,433.5245,38.7665,67.713,1.0,0.875,0.898989898989899,0.9285714285714286,False,False,False,False,False,False,False,False,False
21,BA,268.046,block cellselector of type CellRangeSelector{ select : range d4: f6},0.0,350.979,"2:4, :",0.6666666666666666,61.245,A1:D5,1.0,136.94,": ,5:8",0.75,55.178,d4:h9,0.0,21.789,"[[2, 3], [3, 3], [3, 4], [2, 4]]",0.2857142857142857,179.061,"[[4, 0], [3, 1], [3, 2], [3, 3], [3, 4], [3, 5], [3, 6], [3, 7], [3, 8], [3, 9], [4, 1], [4, 2], [4, 3], [4, 4], [4, 5], [4, 6], [4, 7], [4, 8], [4, 9], [3, 0]]",0.9285714285714286,28.974,"[[6, 0], [6, 1], [6, 2], [7, 0], [7, 1], [7, 2], [8, 0], [8, 1], [8, 2], [9, 0], [9, 1], [9, 2]]",0.9090909090909092,76.733,"[[0, 0], [1, 0], [2, 0], [3, 0], [4, 0], [5, 0], [6, 0], [7, 0], [8, 0], [9, 0], [0, 3], [1, 3], [2, 3], [3, 3], [4, 3], [5, 3], [6, 3], [7, 3], [8, 3], [9, 3], [0, 6], [1, 6], [2, 6], [3, 6], [4, 6], [6, 6], [7, 6], [8, 6], [9, 6], [5, 6], [0, 4], [0, 5], [1, 4], [2, 4], [3, 4], [4, 4], [5, 4], [6, 4], [7, 4], [8, 4], [9, 4], [1, 5], [2, 5], [3, 5], [4, 5], [5, 5], [6, 5], [7, 5], [8, 5], [9, 5]]",0.9285714285714286,25.085,"[[4, 4], [7, 8], [7, 7], [7, 6], [7, 5], [7, 4], [5, 4], [6, 4], [4, 5], [4, 6], [4, 7], [4, 8], [5, 8], [6, 8], [6, 7], [6, 6], [6, 5], [5, 5], [5, 6], [5, 7]]",0.8888888888888888,58.2115,243.9595,27.0295,127.897,0.5,0.7083333333333333,0.898989898989899,0.9285714285714286,False,False,False,False,False,False,False,False,False
15,BA,73.328,19-21,0.0,193.83,:2,0.25,103.037,A1:C5,0.0,147.094,": , 5:8",0.75,204.441,D4:H9,1.0,20.53,"[[0, 2], [1, 2], [1, 3], [2, 3], [2, 4], [3, 4]]",0.2222222222222222,82.341,"[[2, 0], [3, 0], [4, 0], [2, 1], [2, 2], [2, 3], [2, 4], [2, 5], [2, 6], [2, 7], [2, 8], [2, 9], [3, 9], [4, 9], [4, 1], [4, 2], [4, 3], [4, 4], [3, 1], [3, 2], [3, 3], [3, 4], [3, 5], [3, 6], [3, 7], [3, 8], [4, 5], [4, 6], [4, 7], [4, 8]]",0.9285714285714286,72.693,"[[6, 0], [9, 2], [6, 1], [6, 2], [7, 2], [8, 2], [7, 1], [7, 0], [8, 0], [9, 0], [9, 1], [8, 1]]",0.9090909090909092,66.317,"[[0, 1], [0, 2], [0, 3], [0, 4], [2, 2], [2, 3], [2, 4], [1, 4], [1, 3], [1, 2], [2, 1], [1, 1], [3, 1], [4, 1], [6, 1], [7, 1], [8, 1], [5, 1], [9, 1], [3, 2], [4, 2], [5, 2], [6, 2], [7, 2], [8, 2], [9, 2], [3, 3], [4, 3], [5, 3], [6, 3], [7, 3], [8, 3], [9, 3], [3, 4], [4, 4], [5, 4], [6, 4], [7, 4], [8, 4], [9, 4]]",0.9285714285714286,81.718,"[[4, 4], [7, 8], [4, 5], [4, 6], [4, 7], [4, 8], [5, 8], [6, 8], [7, 7], [6, 6], [6, 5], [6, 4], [7, 4], [7, 5], [7, 6], [5, 4], [5, 5], [5, 6], [5, 7], [6, 7]]",0.8888888888888888,153.739,170.462,77.2055,74.329,0.5,0.5,0.898989898989899,0.9285714285714286,False,False,False,False,False,False,False,False,False
22,BA,3.601,k,0.0,56.381,"1,2,3",0.0,135.572,A1:C5,0.0,515.172,":, 3:7",0.6,73.821,C4:G9,0.6666666666666666,7.99,"[[3, 4]]",0.3333333333333333,29.382,"[[3, 1], [5, 1], [4, 1], [3, 2], [4, 2], [5, 2], [3, 3], [4, 3], [5, 3], [3, 4], [4, 4], [5, 4], [5, 5], [4, 5], [3, 5], [3, 6], [4, 6], [5, 6], [5, 7], [4, 7], [3, 7], [3, 8], [4, 8], [5, 8], [3, 9], [4, 9], [5, 9]]",0.8571428571428571,29.792,"[[6, 1], [9, 3], [7, 1], [6, 2], [7, 2], [8, 2], [8, 1], [9, 2], [7, 3], [6, 3], [8, 3], [9, 1]]",0.75,18.373,"[[0, 3], [0, 4], [0, 5], [0, 6], [9, 3], [8, 3], [7, 3], [6, 3], [5, 3], [4, 3], [3, 3], [2, 3], [1, 3], [1, 4], [2, 4], [3, 4], [4, 4], [5, 4], [6, 4], [7, 4], [8, 4], [9, 4], [9, 5], [8, 5], [7, 5], [6, 5], [5, 5], [4, 5], [3, 5], [2, 5], [1, 5], [1, 6], [2, 6], [3, 6], [4, 6], [5, 6], [6, 6], [7, 6], [8, 6], [9, 6]]",0.9285714285714286,68.95,"[[7, 8], [6, 8], [5, 8], [4, 8], [4, 7], [4, 6], [5, 5], [6, 5], [7, 5], [7, 6], [6, 6], [5, 6], [5, 7], [6, 7], [7, 7], [4, 5]]",0.8888888888888888,104.6965,285.7765,49.371,23.8775,0.3333333333333333,0.3,0.8194444444444444,0.8928571428571428,False,False,False,False,False,False,False,False,False
56,BA,18.75,ok,0.0,97.041,"1,3",0.0,70.684,A1:D5,1.0,117.755,":, 4:8",1.0,36.722,D4:H9,1.0,17.973,[],1.0,32.875,"[[3, 0], [4, 0], [4, 1], [4, 4], [4, 3], [4, 2], [3, 2], [3, 1], [3, 3], [3, 4], [3, 5], [3, 6], [3, 7], [3, 8], [3, 9], [4, 9], [4, 8], [4, 7], [4, 6], [4, 5]]",0.9285714285714286,26.591,"[[6, 0], [6, 1], [6, 2], [7, 2], [8, 2], [9, 0], [8, 0], [7, 0], [7, 1], [9, 1], [9, 2], [8, 1]]",0.9090909090909092,31.013,"[[0, 2], [0, 3], [0, 4], [1, 4], [2, 4], [3, 4], [4, 4], [5, 4], [6, 4], [7, 4], [8, 4], [9, 4], [9, 3], [8, 3], [7, 3], [6, 3], [5, 3], [4, 3], [3, 3], [2, 3], [1, 3], [1, 2], [2, 2], [3, 2], [4, 2], [5, 2], [6, 2], [7, 2], [8, 2], [9, 2]]",0.9285714285714286,31.366,"[[4, 4], [7, 8], [4, 5], [4, 6], [4, 7], [5, 7], [5, 8], [4, 8], [5, 4], [5, 5], [5, 6], [6, 4], [6, 5], [6, 6], [6, 7], [6, 8], [7, 4], [7, 5], [7, 6], [7, 7]]",0.8888888888888888,53.703,107.398,28.9785,31.944000000000003,1.0,0.5,0.898989898989899,0.9285714285714286,False,False,False,False,False,False,False,False,False
94,BA,284.793,select: range A[4-6]:F[4-6],0.0,300.159,2:4,0.6666666666666666,83.528,A1:D5,1.0,91.669,":,6:8",0.5,52.462,D4:H9,1.0,39.35,"[[1, 3], [2, 2], [4, 1], [3, 4], [0, 3], [0, 2], [3, 1], [4, 0], [3, 2], [4, 2], [3, 3], [2, 4], [1, 4], [1, 0], [2, 0], [3, 0], [0, 1], [1, 1], [0, 0], [2, 1], [1, 2], [2, 3], [4, 3], [4, 4], [4, 5], [3, 5], [2, 5], [0, 5], [1, 5], [0, 4]]",0.2,35.542,"[[3, 0], [3, 1], [3, 2], [3, 3], [3, 4], [3, 5], [3, 6], [3, 7], [3, 8], [3, 9], [4, 9], [5, 9], [5, 8], [5, 7], [5, 6], [5, 5], [5, 4], [5, 3], [4, 3], [4, 2], [4, 1], [5, 1], [5, 0], [4, 0], [5, 2], [4, 4], [4, 5], [4, 6], [4, 7], [4, 8]]",0.9285714285714286,20.79,"[[6, 0], [9, 2], [7, 0], [7, 1], [7, 2], [6, 1], [6, 2], [8, 2], [8, 1], [8, 0], [9, 0], [9, 1]]",0.9090909090909092,22.181,"[[0, 2], [0, 3], [0, 4], [0, 5], [1, 5], [2, 5], [3, 5], [4, 5], [5, 5], [6, 5], [7, 5], [8, 5], [9, 5], [1, 2], [2, 2], [3, 2], [4, 2], [5, 2], [6, 2], [7, 2], [7, 3], [8, 3], [9, 3], [9, 2], [8, 2], [1, 3], [1, 4], [2, 4], [3, 4], [4, 4], [5, 4], [6, 4], [7, 4], [8, 4], [9, 4], [2, 3], [3, 3], [4, 3], [5, 3], [6, 3]]",0.9285714285714286,34.534,"[[4, 4], [4, 8], [7, 8], [7, 7], [7, 6], [7, 5], [7, 4], [6, 4], [5, 4], [4, 5], [4, 6], [5, 6], [4, 7], [5, 5], [6, 5], [6, 6], [6, 7], [5, 8], [6, 8], [5, 7]]",0.8888888888888888,67.995,195.914,27.662,28.8615,1.0,0.5833333333333333,0.898989898989899,0.9285714285714286,False,False,False,False,False,False,False,False,False
98,BA,287.495,select: range D4:F6;,0.03,178.669,"1:5, :",0.75,76.943,A1:D5,1.0,130.302,": , 4:8",1.0,84.51,D4:H8,0.8333333333333334,75.614,"[[2, 1], [3, 1], [3, 2], [4, 2], [4, 3], [5, 3]]",0.2222222222222222,41.902,"[[3, 0], [4, 0], [3, 1], [3, 2], [3, 3], [3, 4], [3, 5], [3, 6], [3, 7], [3, 8], [3, 9], [4, 1], [4, 2], [4, 3], [4, 4], [4, 5], [4, 6], [4, 7], [4, 8], [4, 9]]",0.9285714285714286,38.957,"[[6, 0], [6, 2], [6, 1], [7, 0], [8, 0], [9, 0], [9, 1], [9, 2], [8, 2], [7, 2], [7, 1], [8, 1]]",0.9090909090909092,27.797,"[[0, 2], [1, 2], [2, 2], [3, 2], [4, 2], [5, 2], [6, 2], [7, 2], [8, 2], [9, 2], [0, 3], [1, 3], [2, 3], [3, 3], [4, 3], [5, 3], [6, 3], [7, 3], [8, 3], [9, 3], [0, 4], [1, 4], [2, 4], [3, 4], [4, 4], [5, 4], [6, 4], [7, 4], [8, 4], [9, 4]]",0.9285714285714286,44.557,"[[4, 4], [4, 8], [7, 8], [4, 5], [4, 6], [4, 7], [5, 4], [6, 4], [6, 5], [6, 6], [6, 7], [6, 8], [5, 8], [5, 7], [5, 6], [5, 5], [7, 4], [7, 5], [7, 6], [7, 7]]",0.8888888888888888,80.7265,154.4855,41.757000000000005,34.8495,0.9166666666666669,0.875,0.898989898989899,0.9285714285714286,False,False,False,False,False,False,False,False,False
6,AB,56.399,D4:F6,0.03,88.7,B1:D10,0.0,408.199,"[:, [3, 0]] = df[['A', 'B','C']]",0.0,156.748,A5:J8;,0.0,405.919,df1.iloc[:3],0.0,15.471,"[[1, 0], [2, 0], [2, 1], [3, 1], [3, 2], [3, 3]]",0.25,90.529,"[[3, 6], [3, 7], [3, 8], [3, 9], [4, 9], [4, 8], [4, 7], [4, 5], [4, 4], [4, 3], [3, 3], [4, 6], [3, 5], [3, 4]]",0.7142857142857143,101.846,"[[0, 1], [1, 2], [2, 2], [3, 2], [4, 2]]",0.4615384615384615,30.413,"[[0, 3], [0, 4], [1, 4], [2, 4], [3, 4], [4, 4], [5, 4], [6, 4], [7, 4], [8, 4], [9, 4], [1, 3], [2, 3], [3, 3], [4, 3], [5, 3], [6, 3], [7, 3], [8, 3], [9, 3], [0, 2], [1, 2], [2, 2], [3, 2], [4, 2], [5, 2], [6, 2], [7, 2], [8, 2], [9, 2]]",0.9285714285714286,19.646,"[[0, 3], [1, 3], [2, 3], [3, 4], [4, 4], [5, 4], [6, 4], [7, 4], [8, 4], [9, 4]]",0.5714285714285714,122.724,407.059,60.471,60.746,0.0,0.0,0.8214285714285714,0.5164835164835164,False,False,False,False,False,False,False,False,False
77,BA,33.681,3,0.0,195.436,"1:3,0:9",0.6,102.917,A1:D5,1.0,315.171,", 4:7",0.0,72.404,"D4,H9",0.0,16.782,"[[6, 3]]",0.3333333333333333,97.845,"[[2, 4], [3, 4], [4, 4], [5, 4], [7, 6], [8, 6], [9, 7], [9, 9], [6, 4], [7, 4], [8, 4], [9, 4], [2, 5], [3, 5], [4, 5], [5, 5], [8, 5], [7, 5], [6, 5], [9, 5], [2, 6], [3, 6], [4, 6], [5, 6], [6, 6], [9, 6], [8, 7], [7, 7], [6, 7], [5, 7], [4, 7], [3, 7], [2, 7], [2, 8], [3, 8], [4, 8], [5, 8], [6, 8], [7, 8], [8, 8], [9, 8], [2, 9], [3, 9], [4, 9], [5, 9], [6, 9], [7, 9], [8, 9]]",0.7857142857142857,49.717,"[[6, 0], [6, 2], [6, 1], [7, 2], [8, 2], [9, 2], [7, 0], [7, 1], [8, 1], [9, 1], [9, 0], [8, 0]]",0.9090909090909092,30.117,"[[1, 1], [2, 1], [3, 1], [4, 1], [5, 1], [6, 1], [7, 1], [8, 1], [9, 1], [0, 1], [0, 2], [1, 2], [2, 2], [3, 2], [4, 2], [5, 2], [6, 2], [7, 2], [8, 2], [9, 2], [0, 3], [1, 3], [2, 3], [3, 3], [4, 3], [5, 3], [6, 3], [7, 3], [8, 3], [9, 3], [0, 4], [1, 4], [2, 4], [3, 4], [5, 4], [6, 4], [7, 4], [8, 4], [9, 4], [4, 4]]",0.9285714285714286,44.862,"[[4, 4], [4, 8], [7, 8], [5, 8], [6, 8], [4, 7], [5, 7], [6, 7], [7, 7], [4, 6], [5, 6], [6, 6], [7, 6], [4, 5], [5, 5], [6, 5], [7, 5], [5, 4], [6, 4], [7, 4]]",0.8888888888888888,87.6605,255.3035,47.2895,63.981,0.5,0.3,0.898989898989899,0.8571428571428572,False,False,False,False,False,False,False,False,False
92,BA,160.10440000000597, select: range C4:E6;,0.03,147.68509999999404,"1:3,:",0.6666666666666666,108.10059999999405,A1:D5,1.0,117.82940000000596,":,[4,5,6,7]",1.0,74.6375,D4:H9,1.0,49.44169999998808,"[[3, 2], [5, 2], [4, 2], [4, 3], [3, 3], [3, 4], [4, 4], [5, 3], [5, 4]]",0.25,39.67729999998212,"[[3, 0], [4, 0], [5, 0], [3, 1], [3, 2], [3, 3], [3, 4], [3, 5], [3, 6], [3, 8], [3, 9], [3, 7], [4, 7], [4, 5], [4, 2], [4, 1], [5, 1], [5, 2], [5, 3], [4, 3], [4, 4], [5, 4], [5, 5], [5, 6], [4, 6], [5, 7], [4, 8], [5, 8], [5, 9], [4, 9]]",0.9285714285714286,23.55009999999404,"[[6, 0], [7, 0], [8, 0], [9, 0], [6, 1], [6, 2], [7, 2], [7, 1], [8, 1], [9, 1], [9, 2], [8, 2]]",0.9090909090909092,20.55020000001788,"[[0, 2], [1, 2], [2, 2], [3, 2], [4, 2], [6, 2], [5, 2], [7, 2], [8, 2], [9, 2], [9, 3], [8, 3], [7, 3], [6, 3], [5, 3], [4, 3], [3, 3], [2, 3], [1, 3], [0, 3], [0, 4], [1, 4], [2, 4], [3, 4], [6, 4], [7, 4], [8, 4], [9, 4], [5, 4], [4, 4]]",0.9285714285714286,28.11730000001192,"[[4, 4], [7, 8], [6, 8], [5, 8], [4, 8], [4, 7], [5, 7], [6, 7], [7, 7], [7, 6], [6, 6], [5, 6], [4, 6], [4, 5], [5, 5], [6, 5], [7, 5], [7, 4], [6, 4], [5, 4]]",0.8888888888888888,91.36904999999705,132.75725,25.833700000002978,30.11375,1.0,0.8333333333333333,0.898989898989899,0.9285714285714286,False,False,False,False,False,False,False,False,False
57,BA,364.082, block DataSelector oftype CellRangeSelector {    select: range D4:F6;  },0.0,661.52,"[False,True,True,True,False,False,False,False,False,False]",1.0,122.293,A1:C5;,0.0,213.35,":, [False,False,False,True, True, True, True, False,False,False]",0.6,35.511,D4:H9,1.0,81.422,[],1.0,30.823,"[[3, 0], [3, 1], [3, 2], [3, 3], [3, 4], [3, 5], [4, 5], [4, 6], [4, 7], [4, 8], [3, 8], [3, 9], [4, 9], [3, 7], [3, 6], [4, 4], [4, 3], [4, 2], [4, 1], [4, 0]]",0.9285714285714286,37.247,"[[6, 0], [9, 2], [8, 2], [7, 2], [6, 2], [6, 1], [7, 1], [7, 0], [8, 0], [8, 1], [9, 1], [9, 0]]",0.9090909090909092,32.972,"[[2, 3], [3, 3], [3, 4], [4, 4], [4, 3], [2, 4]]",0.4285714285714285,30.839,"[[7, 8], [7, 7], [7, 6], [7, 5], [7, 4], [6, 4], [5, 4], [4, 5], [4, 4], [4, 6], [4, 7], [4, 8], [5, 8], [6, 8], [6, 7], [6, 6], [6, 5], [5, 5], [5, 6], [5, 7]]",0.8888888888888888,78.902,437.435,34.043,31.8975,0.5,0.8,0.898989898989899,0.6785714285714286,False,False,False,False,False,False,False,False,False
74,AB,83.268,"select 3 rows with index finland, germany, france as label and columns from A3:A5",0.0,129.012,A2:J4,1.0,206.155,"0:5, 0:4",1.0,52.052,E1:H10,1.0,42.629,"3:9, 3:8",1.0,11.732,"[[3, 1], [3, 2], [4, 2], [5, 3], [5, 4], [6, 4], [6, 5]]",0.2,97.386,"[[3, 0], [4, 9], [3, 1], [3, 2], [3, 3], [3, 4], [3, 5], [3, 6], [3, 7], [3, 8], [3, 9], [4, 0], [4, 1], [4, 2], [4, 3], [4, 4], [4, 5], [4, 6], [4, 7], [4, 8]]",0.9285714285714286,40.11,"[[6, 0], [7, 0], [8, 0], [9, 0], [6, 1], [6, 2], [6, 3], [7, 1], [7, 2], [7, 3], [8, 1], [8, 2], [8, 3], [9, 1], [9, 2], [9, 3]]",0.8333333333333334,58.452,"[[0, 2], [9, 4], [1, 2], [2, 2], [3, 2], [4, 2], [5, 2], [6, 2], [7, 2], [8, 2], [9, 2], [0, 3], [1, 3], [2, 3], [3, 3], [4, 3], [5, 3], [6, 3], [7, 3], [8, 3], [9, 3], [0, 4], [1, 4], [2, 4], [3, 4], [4, 4], [5, 4], [6, 4], [7, 4], [8, 4]]",0.9285714285714286,126.94,"[[4, 4], [4, 5], [4, 6], [4, 7], [4, 8], [5, 4], [6, 4], [6, 5], [7, 5], [7, 6], [7, 7], [7, 8], [5, 8], [6, 8], [5, 7], [6, 7], [5, 6], [6, 6], [5, 5], [7, 4]]",0.8888888888888888,90.532,124.392,77.919,83.525,1.0,1.0,0.9285714285714286,0.8611111111111112,False,False,False,False,False,False,False,False,False
33,BA,23.72,Understood,0.0,241.055,df.iloc[[1:5]],0.0,72.247,A1:D5;,1.0,93.58,"df.iloc[:, 4:7]",0.0,106.287,D4:H9;,1.0,9.548,[],1.0,130.872,"[[4, 0], [3, 1], [3, 2], [3, 3], [3, 6], [3, 0], [3, 4], [3, 5], [3, 7], [3, 8], [3, 9], [4, 9], [4, 7], [4, 6], [4, 5], [4, 4], [4, 3], [4, 2], [4, 1], [4, 8]]",0.9285714285714286,37.215,"[[6, 0], [9, 2], [8, 2], [7, 2], [6, 2], [6, 1], [7, 1], [8, 1], [9, 1], [9, 0], [8, 0], [7, 0]]",0.9090909090909092,48.16,"[[0, 2], [1, 2], [2, 2], [3, 2], [4, 2], [5, 2], [6, 2], [7, 2], [7, 3], [8, 3], [9, 2], [8, 2], [9, 3], [6, 3], [5, 3], [4, 3], [3, 3], [2, 3], [1, 3], [0, 3], [0, 4], [0, 5], [1, 5], [2, 5], [3, 5], [4, 5], [5, 5], [6, 5], [7, 5], [8, 5], [9, 5], [1, 4], [2, 4], [3, 4], [4, 4], [5, 4], [6, 4], [7, 4], [8, 4], [9, 4]]",0.9285714285714286,32.651,"[[4, 4], [7, 7], [7, 6], [7, 4], [7, 5], [6, 4], [5, 4], [4, 5], [5, 5], [6, 5], [4, 6], [5, 6], [6, 6], [4, 7], [5, 7], [6, 7]]",0.7777777777777778,89.267,167.3175,34.93300000000001,89.516,1.0,0.0,0.8434343434343434,0.9285714285714286,False,False,False,False,False,False,False,False,False
3,BA,81.619,select range D3:F5,0.0,114.035,"[1, 3], :",0.6666666666666666,18.803,A1:D5,1.0,89.508,":, 4:8",1.0,20.74,D4:H9,1.0,9.235,"[[2, 0], [2, 1], [3, 1], [4, 2], [5, 2], [6, 2], [6, 3]]",0.1818181818181818,16.402,"[[3, 0], [4, 0], [3, 1], [4, 1], [4, 2], [4, 3], [4, 4], [4, 5], [4, 6], [4, 7], [4, 8], [4, 9], [3, 2], [3, 3], [3, 4], [3, 5], [3, 6], [3, 7], [3, 8], [3, 9]]",0.9285714285714286,60.25,"[[6, 0], [6, 1], [6, 2], [9, 2], [8, 2], [8, 1], [8, 0], [7, 0], [7, 1], [7, 2], [9, 1], [9, 0]]",0.9090909090909092,12.868,"[[0, 2], [0, 3], [0, 4], [1, 2], [2, 2], [3, 2], [4, 2], [5, 2], [6, 2], [7, 2], [8, 2], [9, 2], [1, 3], [2, 3], [3, 3], [4, 3], [5, 3], [6, 3], [7, 3], [8, 3], [9, 3], [1, 4], [2, 4], [3, 4], [4, 4], [5, 4], [6, 4], [7, 4], [8, 4], [9, 4]]",0.9285714285714286,21.577,"[[4, 4], [4, 8], [7, 8], [5, 8], [6, 8], [7, 4], [7, 5], [7, 6], [6, 6], [6, 7], [7, 7], [5, 7], [4, 6], [5, 6], [4, 7], [4, 5], [5, 5], [6, 5], [5, 4], [6, 4]]",0.8888888888888888,19.7715,101.7715,40.9135,14.635000000000002,1.0,0.8333333333333333,0.898989898989899,0.9285714285714286,False,False,False,False,False,False,False,False,False
90,AB,109.857,select: range D4:F6;,0.03,71.69,A2:J4,1.0,351.35,"0:5, 0:4",1.0,52.893,E1:H10,1.0,89.609,"3:9, 3:8",1.0,23.765,"[[3, 2], [4, 3], [2, 3], [2, 2], [3, 3], [4, 2], [2, 4], [4, 4], [3, 4]]",0.2857142857142857,36.647,"[[3, 0], [3, 1], [3, 2], [3, 3], [3, 4], [3, 5], [3, 6], [3, 7], [3, 8], [3, 9], [4, 9], [4, 8], [4, 7], [4, 6], [4, 5], [4, 4], [4, 3], [4, 2], [4, 1], [4, 0]]",0.9285714285714286,37.132,"[[7, 0], [8, 0], [9, 0], [6, 0], [6, 1], [7, 1], [6, 2], [7, 2], [8, 1], [8, 2], [9, 2], [9, 1]]",0.9090909090909092,44.296,"[[1, 2], [2, 2], [3, 2], [4, 2], [5, 2], [6, 2], [7, 2], [8, 2], [9, 2], [9, 3], [8, 3], [7, 3], [6, 3], [5, 3], [4, 3], [3, 3], [2, 3], [1, 3], [1, 4], [2, 4], [3, 4], [4, 4], [5, 4], [6, 4], [7, 4], [8, 4], [9, 4]]",0.8571428571428571,68.876,"[[4, 4], [7, 4], [6, 4], [5, 4], [4, 5], [4, 6], [4, 7], [4, 8], [5, 8], [5, 7], [5, 6], [5, 5], [6, 5], [6, 6], [6, 7], [6, 8], [7, 8], [7, 7], [7, 6], [7, 5]]",0.8888888888888888,62.2915,220.4795,40.4715,53.004000000000005,1.0,1.0,0.8928571428571428,0.898989898989899,False,False,False,False,False,False,False,False,False
69,BA,211.92,"df['finland'] in (3,54,29) & df['Germany'] in (2,79,20) & df['France'] in (3,70,24) ",0.0,153.893,df['Denmark' : 'Finland'] ,0.0,103.021,A1: D5,1.0,117.685,"4: 7, :",0.2068965517241379,49.403,D4 :H9,1.0,34.205,"[[3, 2], [8, 2], [7, 2], [6, 2], [5, 2], [4, 2], [8, 3], [7, 3], [6, 3], [5, 3], [4, 3], [3, 3]]",0.1818181818181818,30.645,"[[1, 5], [2, 5], [3, 5], [4, 5], [5, 5], [6, 5], [7, 5], [8, 5], [9, 5], [1, 4], [2, 4], [3, 4], [4, 4], [5, 4], [6, 4], [7, 4], [8, 4], [9, 4], [1, 3], [2, 3], [3, 3], [4, 3], [5, 3], [6, 3], [7, 3], [8, 3], [9, 3], [0, 3], [0, 4], [0, 5]]",0.9285714285714286,32.309,"[[6, 2], [6, 0], [8, 2], [7, 2], [9, 0], [8, 0], [7, 0], [6, 1], [7, 1], [8, 1], [9, 2], [9, 1]]",0.9090909090909092,48.77,"[[0, 2], [0, 3], [0, 4], [1, 5], [2, 5], [3, 5], [4, 5], [5, 5], [6, 5], [7, 5], [8, 5], [9, 5], [0, 5], [1, 4], [2, 4], [3, 4], [4, 4], [5, 4], [6, 4], [7, 4], [8, 4], [9, 4], [1, 3], [2, 3], [3, 3], [4, 3], [5, 3], [6, 3], [7, 3], [8, 3], [9, 3], [1, 2], [2, 2], [3, 2], [4, 2], [5, 2], [6, 2], [7, 2], [8, 2], [9, 2]]",0.9285714285714286,69.589,"[[4, 4], [5, 8], [6, 8], [4, 8], [7, 8], [7, 7], [7, 6], [6, 6], [7, 4], [7, 5], [6, 5], [6, 4], [5, 4], [5, 5], [5, 6], [4, 6], [4, 5], [4, 7], [5, 7], [6, 7]]",0.8888888888888888,76.212,135.789,50.949,39.7075,1.0,0.1034482758620689,0.898989898989899,0.9285714285714286,False,False,False,False,False,False,False,False,False
36,AB,298.91, block ExampleDataSelector oftype CellRangeSelector {    select: range C3:E5;  },0.0,275.429,A1:3*; J3*,0.0,225.885,A5:D5,0.0,82.459,E1:H10,1.0,194.524,"[4, 9]] = df[['D', 'H']",0.0,70.598,"[[0, 5], [0, 0], [0, 1], [0, 2], [0, 3], [0, 4], [1, 5], [1, 3], [1, 2], [1, 1], [1, 0], [1, 4]]",0.2,32.99,"[[3, 0], [3, 1], [3, 2], [3, 3], [3, 4], [3, 5]]",0.6428571428571429,35.19,"[[0, 5], [1, 5], [2, 5], [3, 5], [4, 5], [5, 5], [6, 5], [7, 5], [8, 5], [9, 5], [0, 0], [1, 0], [2, 0]]",0.7142857142857143,37.773,"[[0, 3], [0, 4], [0, 2], [1, 2], [2, 2], [3, 3], [1, 4], [3, 4], [4, 4], [5, 4], [6, 4], [7, 4], [8, 4], [9, 4], [2, 4], [1, 3], [2, 3], [3, 2], [4, 2], [5, 2], [5, 3], [6, 3], [7, 3], [8, 3], [9, 3], [9, 2], [8, 2], [7, 2], [6, 2], [4, 3]]",0.9285714285714286,34.564,"[[0, 3], [1, 3], [2, 3], [4, 3], [5, 3], [6, 3], [7, 3], [3, 0], [3, 1], [3, 2], [3, 4], [3, 5], [3, 6], [3, 7], [3, 8], [3, 3]]",0.6153846153846154,178.944,210.2045,35.3815,34.876999999999995,0.5,0.0,0.7857142857142858,0.6648351648351649,False,False,False,False,False,False,False,False,False
51,AB,106.279,"df.loc(3:5,3:5) ",0.0,123.616,A2:A4,0.0,231.68,":, 3:4",0.2,108.213,E1:H*;,1.0,79.105,":3:3, 7:5: ",0.0,20.154,"[[2, 2], [3, 2], [4, 2], [5, 2], [5, 3], [5, 4], [4, 4], [3, 4], [2, 4], [2, 3], [3, 3], [4, 3]]",0.25,63.716,"[[4, 0], [5, 0], [5, 1], [6, 2], [7, 3], [7, 2], [7, 1], [6, 1], [6, 0], [7, 0], [3, 1], [3, 0], [4, 1], [3, 2], [5, 2], [4, 2], [3, 3], [4, 3], [5, 3], [6, 3], [3, 4], [4, 4], [5, 4], [6, 4], [7, 4], [7, 5], [7, 6], [7, 7], [7, 8], [7, 9], [6, 9], [5, 9], [4, 9], [3, 9], [3, 8], [4, 8], [5, 8], [6, 8], [6, 7], [5, 7], [4, 7], [3, 7], [3, 6], [4, 6], [5, 6], [6, 6], [6, 5], [5, 5], [4, 5], [3, 5]]",0.9285714285714286,82.885,"[[6, 0], [6, 1], [6, 2], [6, 3], [7, 5], [7, 2], [7, 1], [7, 0], [7, 3], [7, 4], [6, 4], [6, 5], [8, 5], [8, 4], [8, 3], [8, 2], [8, 1], [8, 0]]",0.6428571428571429,35.948,"[[0, 2], [0, 3], [0, 4], [1, 4], [2, 4], [3, 4], [4, 4], [5, 4], [6, 4], [7, 4], [8, 4], [9, 4], [9, 3], [8, 3], [7, 3], [6, 3], [5, 3], [4, 3], [3, 3], [2, 3], [1, 3], [1, 2], [2, 2], [3, 2], [4, 2], [5, 2], [6, 2], [7, 2], [8, 2], [9, 2]]",0.9285714285714286,58.806,"[[4, 0], [5, 0], [5, 1], [6, 1], [6, 2], [6, 3], [7, 3], [7, 4], [6, 4], [5, 4], [4, 4], [4, 3], [5, 3], [5, 2], [4, 2], [4, 1], [6, 0], [7, 0], [7, 1], [7, 2]]",0.5384615384615384,115.9145,155.3925,49.832,70.8455,0.5,0.1,0.9285714285714286,0.5906593406593407,False,False,False,False,False,False,False,False,False
76,BA,93.76,D4:F6,0.03,276.019,"2:4, :",0.6666666666666666,73.04,A1:D5,1.0,68.656,": , 5:8",0.75,83.624,D4:H9,1.0,30.425,"[[0, 0], [1, 0], [2, 0], [0, 1], [1, 1], [2, 1]]",0.2857142857142857,74.825,"[[2, 0], [2, 1], [2, 2], [2, 3], [2, 4], [2, 5], [2, 7], [2, 8], [2, 6], [2, 9], [3, 0], [3, 1], [3, 2], [3, 3], [3, 4], [3, 5], [3, 6], [3, 7], [3, 8], [3, 9], [4, 0], [4, 1], [4, 2], [4, 3], [4, 4], [4, 5], [4, 6], [4, 7], [4, 8], [4, 9]]",0.9285714285714286,34.73,"[[6, 0], [6, 1], [6, 2], [7, 2], [8, 2], [9, 2], [9, 1], [8, 1], [8, 0], [7, 1], [7, 0], [9, 0]]",0.9090909090909092,51.137,"[[0, 1], [1, 1], [2, 1], [3, 1], [4, 1], [5, 1], [6, 1], [7, 1], [8, 1], [9, 1], [0, 2], [1, 2], [2, 2], [3, 2], [4, 2], [5, 2], [6, 2], [7, 2], [8, 2], [9, 2], [0, 3], [1, 3], [2, 3], [3, 3], [4, 3], [5, 3], [6, 3], [7, 3], [8, 3], [9, 3], [0, 4], [1, 4], [2, 4], [3, 4], [4, 4], [5, 4], [6, 4], [7, 4], [8, 4], [9, 4]]",0.9285714285714286,53.322,"[[4, 4], [7, 8], [6, 8], [5, 8], [4, 8], [4, 7], [4, 6], [4, 5], [7, 7], [7, 6], [6, 6], [6, 5], [7, 4], [7, 5], [6, 4], [5, 4], [5, 5], [5, 6], [5, 7], [6, 7]]",0.8888888888888888,78.332,172.3375,44.026,62.981,1.0,0.7083333333333333,0.898989898989899,0.9285714285714286,False,False,False,False,False,False,False,False,False
42,BA,7.561,ff,0.0,245.147,1:4,1.0,106.213,A1:D4,0.8,415.217,4:8,0.25,91.245,d4:h9,0.0,12.075,"[[1, 3], [2, 3], [3, 3], [4, 4], [5, 4], [5, 5], [4, 5], [3, 6], [1, 6]]",0.2,61.467,"[[2, 3], [2, 4], [8, 2], [9, 2], [2, 2], [3, 2], [4, 2], [5, 2], [6, 2], [7, 2], [3, 3], [4, 3], [5, 3], [6, 3], [7, 3], [8, 3], [9, 3], [3, 4], [4, 4], [5, 4], [6, 4], [7, 4], [8, 4], [9, 4]]",0.7857142857142857,37.701,"[[6, 0], [6, 1], [6, 2], [7, 2], [8, 2], [9, 2], [9, 1], [9, 0], [8, 0], [7, 0], [7, 1], [8, 1]]",0.9090909090909092,24.117,"[[2, 1], [3, 0], [4, 0], [2, 0], [3, 1], [3, 2], [3, 3], [3, 4], [3, 5], [4, 6], [4, 7], [4, 8], [4, 9], [3, 9], [2, 9], [2, 8], [2, 7], [2, 6], [2, 5], [2, 4], [2, 3], [2, 2], [4, 1], [4, 2], [4, 3], [4, 4], [4, 5], [3, 6], [3, 7], [3, 8]]",0.9285714285714286,39.153,"[[4, 4], [4, 5], [4, 6], [4, 7], [4, 8], [5, 8], [6, 8], [7, 8], [7, 7], [7, 6], [6, 7], [5, 7], [5, 6], [5, 5], [5, 4], [6, 4], [6, 5], [6, 6], [7, 5], [7, 4]]",0.8888888888888888,98.729,330.182,38.427,42.792,0.4,0.625,0.898989898989899,0.8571428571428572,False,False,False,False,False,False,False,False,False
86,AB,78.499,"3:5,3:5",0.0,329.194,A2:J4,1.0,70.132,:4,0.3636363636363636,47.87,E1:H*,1.0,125.349,"3:7,3:8",0.6666666666666666,58.206,"[[2, 1], [3, 1], [5, 2], [3, 3], [2, 3], [2, 2], [3, 2], [4, 1], [4, 2], [4, 3], [5, 3], [5, 1]]",0.2222222222222222,128.085,"[[3, 0], [3, 1], [3, 2], [3, 5], [3, 3], [3, 4], [3, 6], [3, 7], [3, 8], [3, 9], [4, 0], [4, 1], [4, 2], [4, 3], [4, 5], [4, 4], [4, 6], [4, 7], [4, 8], [4, 9]]",0.9285714285714286,72.725,"[[0, 5], [0, 6], [0, 7], [0, 8], [0, 9], [2, 5], [2, 6], [2, 7], [2, 8], [2, 9], [1, 5], [1, 6], [1, 7], [1, 8], [1, 9]]",0.8333333333333334,22.684,"[[0, 2], [0, 4], [0, 3], [1, 3], [2, 3], [3, 3], [4, 3], [5, 3], [6, 3], [7, 3], [8, 3], [9, 3], [1, 2], [2, 2], [3, 2], [4, 2], [5, 2], [6, 2], [7, 2], [8, 2], [9, 2], [1, 4], [2, 4], [3, 4], [4, 4], [5, 4], [6, 4], [7, 4], [8, 4], [9, 4]]",0.9285714285714286,91.346,"[[3, 3], [3, 4], [3, 5], [3, 6], [7, 3], [6, 3], [5, 3], [4, 3], [8, 4], [8, 5], [8, 6], [7, 7], [6, 7], [5, 7], [4, 6], [3, 7], [4, 7], [4, 5], [4, 4], [5, 4], [5, 5], [5, 6], [6, 6], [6, 5], [6, 4], [7, 4], [8, 3], [7, 5], [7, 6], [8, 7]]",0.8,188.532,97.7405,75.3845,82.0355,1.0,0.5151515151515151,0.9285714285714286,0.8166666666666667,False,False,False,False,False,False,False,False,False
16,BA,50.557,"df.iloc[3:5,3:5]",0.0,50.891,"1:4,:",1.0,39.805,A1:D5,1.0,25.995,":,4:8",1.0,34.797,D3:H9,0.8571428571428571,74.427,"[[0, 0], [1, 0], [1, 1], [2, 2], [3, 2], [2, 3], [1, 3], [0, 3], [0, 1], [0, 2], [1, 2], [2, 0], [3, 0], [3, 1], [2, 1], [3, 3]]",0.25,40.47,"[[4, 0], [4, 2], [3, 0], [3, 3], [3, 1], [3, 2], [3, 4], [3, 5], [3, 6], [3, 7], [3, 8], [3, 9], [4, 1], [4, 3], [4, 5], [4, 4], [4, 6], [4, 7], [4, 8], [4, 9]]",0.9285714285714286,27.701,"[[6, 0], [6, 1], [6, 2], [9, 0], [8, 0], [7, 0], [7, 1], [8, 1], [9, 1], [9, 2], [8, 2], [7, 2]]",0.9090909090909092,13.618,"[[0, 2], [1, 2], [2, 2], [3, 2], [4, 2], [5, 2], [6, 2], [7, 2], [8, 2], [9, 2], [0, 3], [1, 3], [2, 3], [3, 3], [4, 3], [5, 3], [6, 3], [7, 3], [8, 3], [9, 3], [0, 4], [1, 4], [2, 4], [3, 4], [4, 4], [5, 4], [6, 4], [7, 4], [8, 4], [9, 4]]",0.9285714285714286,26.649,"[[4, 4], [5, 4], [6, 4], [7, 4], [4, 5], [4, 6], [4, 7], [4, 8], [5, 5], [6, 5], [6, 6], [6, 7], [5, 7], [5, 8], [6, 8], [7, 8], [5, 6], [7, 7], [7, 6], [7, 5]]",0.8888888888888888,37.301,38.443,27.175,27.044,0.9285714285714286,1.0,0.898989898989899,0.9285714285714286,False,False,False,False,False,False,False,False,False
8,AB,15.805,yis,0.0,115.221,Denmark:Finland,0.0,158.994,1:2*,0.0,134.533,Spain3:57619*,0.0,248.54,values,0.0,22.278,"[[5, 4], [6, 4], [7, 4], [7, 3], [7, 2], [6, 3], [4, 1], [5, 2], [7, 1]]",0.1818181818181818,48.565,"[[0, 1], [1, 1], [2, 1], [3, 1], [4, 1], [5, 1], [6, 1], [7, 1], [8, 1], [9, 1]]",0.9285714285714286,49.645,"[[0, 6], [1, 6], [2, 6], [3, 6], [4, 6], [5, 6], [6, 6], [7, 6], [8, 6], [9, 6], [0, 1], [1, 1], [2, 1]]",0.7142857142857143,44.981,"[[2, 1], [2, 2], [3, 3], [3, 4], [3, 5], [2, 5], [2, 4], [3, 1], [3, 2], [2, 3], [4, 3], [4, 5], [5, 5], [6, 5], [5, 2], [5, 3], [6, 3], [6, 4], [7, 4], [8, 4], [8, 5], [9, 5], [7, 5], [5, 4], [4, 4], [4, 2], [4, 1], [5, 1], [6, 1], [6, 2], [7, 1], [7, 2], [7, 3], [8, 1], [8, 3], [9, 1], [9, 2], [8, 2], [9, 3], [9, 4]]",0.8571428571428571,65.101,"[[0, 7], [3, 5], [0, 4], [3, 9], [4, 9], [5, 9], [6, 9], [7, 9], [8, 9], [9, 9], [0, 8], [1, 8], [3, 8], [4, 8], [5, 8], [6, 8], [7, 8], [8, 8], [9, 8], [2, 8], [2, 9], [0, 9], [1, 7], [2, 7], [3, 7], [4, 7], [5, 7], [6, 7], [7, 7], [8, 7], [9, 7], [9, 6], [8, 6], [7, 6], [6, 6], [5, 6], [4, 6], [3, 6], [2, 6], [1, 6], [0, 6], [0, 5], [1, 5], [2, 5], [4, 5], [5, 5], [6, 5], [7, 5], [8, 5], [9, 5], [9, 4], [8, 4], [7, 4], [5, 4], [6, 4], [4, 4], [3, 4], [2, 4], [1, 4], [1, 9]]",0.5714285714285714,124.877,203.767,46.773,57.373000000000005,0.0,0.0,0.8928571428571428,0.6428571428571428,False,False,False,False,False,False,False,False,False
81,BA,103.752,select: range D4:F6,0.03,408.667,"[1,3]",0.6666666666666666,115.094,A1:D5,1.0,70.189,": , [4, 7]",0.5,96.708,D4:H9,1.0,62.925,"[[2, 1], [4, 1], [5, 2], [6, 2], [7, 2], [7, 3], [8, 3]]",0.1666666666666666,39.157,"[[3, 0], [4, 0], [4, 1], [3, 1], [3, 2], [4, 2], [4, 3], [3, 3], [3, 4], [4, 4], [4, 5], [3, 5], [3, 6], [4, 6], [4, 7], [3, 7], [3, 8], [4, 8], [4, 9], [3, 9]]",0.9285714285714286,20.909,"[[6, 0], [9, 2], [8, 2], [7, 2], [6, 2], [6, 1], [7, 1], [8, 1], [9, 1], [9, 0], [8, 0], [7, 0]]",0.9090909090909092,76.716,"[[2, 0], [2, 1], [3, 0], [4, 0], [5, 0], [5, 1], [4, 1], [3, 1], [2, 2], [4, 2], [5, 2], [3, 2], [2, 3], [3, 3], [4, 3], [5, 3], [5, 4], [4, 4], [3, 4], [2, 4], [2, 5], [3, 5], [4, 5], [5, 5], [5, 6], [4, 6], [3, 6], [2, 6], [2, 7], [3, 7], [4, 7], [5, 7], [5, 8], [4, 8], [3, 8], [2, 8], [2, 9], [3, 9], [4, 9], [5, 9]]",0.9285714285714286,34.581,"[[4, 4], [7, 8], [6, 8], [5, 8], [4, 8], [4, 7], [4, 6], [4, 5], [5, 5], [5, 4], [6, 4], [7, 4], [7, 5], [6, 5], [6, 6], [5, 6], [5, 7], [6, 7], [7, 7], [7, 6]]",0.8888888888888888,105.901,239.428,27.745,57.936499999999995,1.0,0.5833333333333333,0.898989898989899,0.9285714285714286,False,False,False,False,False,False,False,False,False
35,AB,15.578,xyz,0.0,153.852,A2:J4,1.0,242.604,"0:5,5",0.0,45.969,E1:H*,1.0,130.18,"[3:8],[3:7]",0.0,13.477,"[[3, 2], [4, 3], [4, 4], [5, 4], [5, 5], [5, 6], [5, 7], [5, 8], [6, 7]]",0.1818181818181818,109.772,"[[3, 0], [4, 0], [4, 1], [4, 2], [3, 2], [3, 3], [3, 4], [3, 5], [3, 1], [4, 3], [4, 4], [4, 5], [4, 7], [3, 7], [3, 8], [3, 9], [4, 9], [4, 8], [4, 6], [3, 6]]",0.9285714285714286,79.964,"[[7, 0], [8, 0], [6, 0], [9, 0], [6, 1], [7, 1], [8, 1], [9, 1], [6, 2], [7, 2], [8, 2], [9, 2], [6, 3], [7, 3], [8, 3], [9, 3]]",0.8333333333333334,46.604,"[[2, 2], [0, 2], [1, 2], [0, 3], [0, 4], [1, 4], [2, 4], [3, 4], [4, 4], [5, 4], [6, 4], [7, 4], [8, 4], [9, 4], [2, 3], [3, 3], [4, 3], [5, 3], [6, 3], [7, 3], [8, 3], [9, 3], [3, 2], [4, 2], [5, 2], [6, 2], [7, 2], [8, 2], [9, 2], [1, 3]]",0.9285714285714286,47.885,"[[5, 4], [6, 4], [7, 4], [8, 4], [5, 5], [6, 5], [7, 5], [8, 5], [8, 6], [8, 7], [8, 8], [8, 9], [7, 9], [6, 9], [5, 9], [5, 8], [5, 7], [5, 6], [6, 6], [7, 6], [7, 7], [7, 8], [6, 8], [6, 7]]",0.8,99.9105,186.392,78.188,63.924499999999995,1.0,0.0,0.9285714285714286,0.8166666666666667,False,False,False,False,False,False,False,False,False
38,AB,214.615, block ExampleDataSelector oftype CellRangeSelector {    select: range C4:E6;  },0.0,240.814," block ExampleRowDeleter oftype RowDeleter {    delete: [row 2, row 3,row 4];  }",0.0,375.554,df1.iloc[4:5],0.1538461538461538,158.299,range E1:H10,0.0,140.341,"3:3, 7:9",0.0,49.397,"[[2, 4], [3, 5], [3, 4], [2, 5], [4, 4], [4, 5], [4, 6], [3, 6], [1, 6]]",0.2,114.556,"[[3, 1], [4, 0], [4, 2], [4, 3], [3, 0], [4, 1], [3, 2], [3, 3], [3, 4], [4, 4], [3, 5], [4, 5], [3, 6], [4, 6], [3, 7], [4, 7], [3, 8], [4, 8], [3, 9], [4, 9]]",0.9285714285714286,72.597,"[[9, 5], [4, 5], [5, 5], [6, 5], [7, 5], [8, 5], [3, 5]]",0.5,24.293,"[[0, 2], [0, 3], [0, 4]]",0.5,20.788,"[[7, 3], [9, 3]]",0.3636363636363636,199.5565,257.9475,69.4245,46.692499999999995,0.0,0.0769230769230769,0.7142857142857143,0.4318181818181818,False,False,False,False,False,False,False,False,False
88,BA,241.616,select: range D4:F6,0.03,418.14,"2,10",0.0,56.788,A1:D5,1.0,61.45,"E1,H10",0.0,66.245,D4:H9,1.0,39.19,"[[3, 2], [3, 3], [3, 4], [4, 4], [4, 3], [4, 2]]",0.2857142857142857,110.212,"[[2, 0], [2, 4], [2, 1], [2, 2], [2, 3]]",0.5714285714285714,29.397,"[[7, 0], [9, 2], [7, 1], [7, 2], [8, 2], [8, 1], [8, 0], [9, 0], [9, 1]]",0.8181818181818182,40.121,"[[1, 0], [1, 4], [1, 3], [1, 2], [1, 1]]",0.5714285714285714,71.885,"[[4, 4], [7, 8], [4, 5], [4, 6], [4, 7], [4, 8], [5, 4], [5, 5], [6, 5], [6, 6], [6, 7], [5, 7], [5, 8], [5, 6], [6, 8], [6, 4], [7, 4], [7, 5], [7, 6], [7, 7]]",0.8888888888888888,61.5165,239.795,50.641000000000005,75.1665,1.0,0.0,0.8535353535353536,0.5714285714285714,False,False,False,False,False,False,False,False,False
